Attrition,Age,BusinessTravel,Research & Development,Sales,DistanceFromHome,Education,EnvironmentSatisfaction,Gender,JobInvolvement,JobSatisfaction,MaritalStatus,MonthlyIncome,NumCompaniesWorked,OverTime,PercentSalaryHike,RelationshipSatisfaction,StockOptionLevel,TrainingTimesLastYear,WorkLifeBalance,YearsSinceLastPromotion,YearsWithCurrManager
1,41,1,0,1,1,2,2,1,3,4,1,5993,8,1,11,1,0,0,1,0,5
0,49,2,1,0,8,1,3,0,2,2,2,5130,1,0,23,4,1,3,3,1,7
1,37,1,1,0,2,2,4,0,2,3,1,2090,6,1,15,2,0,3,3,0,0
0,33,2,1,0,3,4,4,1,3,3,2,2909,1,1,11,3,0,3,3,3,0
0,27,1,1,0,2,1,1,0,3,2,2,3468,9,0,12,4,1,3,3,2,2
0,32,2,1,0,2,2,4,0,3,4,1,3068,0,0,13,3,0,2,2,3,6
0,59,1,1,0,3,3,3,1,4,1,2,2670,4,1,20,1,3,3,2,0,0
0,30,1,1,0,24,1,4,0,3,3,0,2693,1,0,22,2,1,2,3,0,0
0,38,2,1,0,23,3,4,0,2,3,1,9526,0,0,21,2,0,2,3,1,8
0,36,1,1,0,27,3,3,0,3,3,2,5237,6,0,13,2,2,3,2,7,7
0,35,1,1,0,16,3,1,0,4,2,2,2426,0,0,13,3,1,5,3,0,3
0,29,1,1,0,15,2,4,1,2,3,1,4193,0,1,12,4,0,3,3,0,8
0,31,1,1,0,26,1,1,0,3,3,0,2911,1,0,17,4,1,1,2,4,3
0,34,1,1,0,19,2,2,0,3,4,0,2661,0,0,11,3,1,2,3,1,2
1,28,1,1,0,24,3,3,0,2,3,1,2028,5,1,14,2,0,4,3,0,3
0,29,1,1,0,21,4,2,1,4,1,0,9980,1,0,11,3,1,1,3,8,8
0,32,1,1,0,5,2,1,0,4,2,0,3298,0,1,12,4,2,5,2,0,5
0,22,0,1,0,16,2,4,0,4,4,0,2935,1,1,13,2,2,2,2,0,0
0,53,1,0,1,2,4,1,1,2,4,2,15427,2,0,16,3,0,3,3,3,7
0,38,1,1,0,2,3,4,0,3,4,1,3944,5,1,11,3,0,3,3,1,2
0,24,0,1,0,11,2,1,1,4,3,0,4011,0,0,18,4,1,5,2,1,3
1,36,1,0,1,9,4,3,0,2,1,1,3407,7,0,23,2,0,4,3,0,3
0,34,1,1,0,7,4,1,1,3,2,1,11994,0,0,11,3,0,4,3,2,11
0,21,1,1,0,15,2,3,0,3,4,1,1232,1,0,14,4,0,6,3,0,0
1,34,1,1,0,6,1,2,0,3,1,1,2960,2,0,11,3,0,2,3,1,3
0,53,1,1,0,5,3,3,1,3,3,0,19094,4,0,11,4,1,3,2,4,8
1,32,2,1,0,16,1,2,1,1,1,1,3919,1,1,22,2,0,5,3,6,7
0,42,1,0,1,8,4,3,0,3,2,2,6825,0,0,11,4,1,2,3,4,2
0,44,1,1,0,7,4,1,1,2,4,2,10248,3,0,14,4,1,4,3,5,17
0,46,1,0,1,2,4,2,1,3,1,1,18947,3,0,12,4,0,2,2,2,1
0,33,1,1,0,2,3,3,0,3,4,1,2496,4,0,11,4,0,3,3,0,0
0,44,1,1,0,10,4,4,0,3,4,2,6465,2,1,13,4,0,5,4,1,3
0,30,1,1,0,9,2,4,0,2,3,1,2206,1,0,13,1,0,5,3,1,8
1,39,1,0,1,5,3,4,0,3,4,2,2086,3,0,14,3,1,6,4,0,0
1,24,1,1,0,1,3,2,0,3,4,2,2293,2,1,16,1,1,2,2,2,0
0,43,1,1,0,2,2,4,1,4,3,0,2645,1,0,12,4,2,3,2,1,4
1,50,1,0,1,3,2,1,0,2,3,2,2683,1,1,14,3,0,2,3,0,2
0,35,1,0,1,2,3,4,1,3,4,2,2014,1,0,13,1,0,3,3,2,2
0,36,1,1,0,5,4,2,1,2,1,2,3419,9,1,14,4,1,3,4,0,0
0,33,2,0,1,1,3,3,1,4,1,2,5376,2,0,19,1,2,3,3,1,3
0,35,1,1,0,4,2,3,0,3,4,0,1951,1,0,12,3,1,3,3,0,0
0,27,1,1,0,2,4,4,1,3,1,0,2341,1,0,13,4,1,6,3,0,0
1,26,1,1,0,25,3,1,0,1,3,1,2293,1,0,12,3,0,2,2,0,1
0,27,2,0,1,8,3,4,0,3,3,1,8726,1,0,15,4,0,0,3,1,7
0,30,2,1,0,1,2,3,1,3,4,1,4011,1,0,23,4,0,2,3,3,7
1,41,1,1,0,12,3,2,1,3,3,2,19545,1,0,12,4,0,0,3,15,8
0,34,0,0,1,23,4,2,0,3,3,1,4568,0,0,20,3,0,2,3,8,7
0,37,1,1,0,19,2,2,0,3,2,2,3022,4,0,21,1,0,1,3,0,0
0,46,2,0,1,5,4,1,0,3,4,1,5772,4,1,21,3,0,4,3,0,8
0,35,1,1,0,8,1,4,0,4,4,2,2269,1,0,19,4,0,2,3,0,1
1,48,1,1,0,1,2,1,0,2,3,1,5381,9,1,13,4,0,2,3,0,0
1,28,1,1,0,5,4,3,0,3,3,1,3441,1,1,13,3,0,3,2,2,2
0,44,1,0,1,1,5,2,1,3,1,0,5454,5,1,21,3,1,2,2,1,3
0,35,0,1,0,11,2,3,0,2,1,2,9884,2,1,13,3,1,3,3,2,3
0,26,1,0,1,23,3,3,1,2,4,2,4157,7,1,19,3,1,2,2,0,0
0,33,2,1,0,1,2,1,1,3,4,1,13458,1,1,12,3,0,1,3,8,12
0,35,2,0,1,18,5,2,0,3,1,2,9069,1,0,22,4,1,3,2,1,8
0,35,1,1,0,23,4,3,1,3,1,2,4014,3,1,15,3,1,3,3,2,2
0,31,1,1,0,7,4,4,0,3,4,0,5915,3,0,22,4,1,3,2,1,7
0,37,1,1,0,1,4,1,0,2,3,0,5993,1,0,18,3,1,2,4,0,7
0,32,1,1,0,1,3,1,0,3,4,2,6162,1,1,22,2,1,3,3,7,8
0,38,2,1,0,29,5,4,1,3,4,1,2406,1,0,11,4,0,2,3,9,9
0,50,1,1,0,7,2,2,1,2,3,0,18740,5,1,12,4,1,2,2,13,8
0,59,1,0,1,25,3,1,1,3,1,1,7637,7,0,11,4,0,3,2,7,9
0,36,1,1,0,8,3,3,1,3,3,0,10096,1,0,13,2,3,2,3,12,8
0,55,1,1,0,8,3,4,1,3,3,0,14756,2,1,14,3,3,2,3,0,2
0,36,2,1,0,11,3,2,0,2,2,1,6499,1,0,13,3,0,3,3,0,3
0,45,1,1,0,7,3,2,0,3,1,0,9724,2,0,17,3,1,2,3,0,0
0,35,2,1,0,1,3,2,0,3,1,2,2194,4,0,13,4,1,2,2,1,2
1,36,1,1,0,9,3,4,0,2,3,2,3388,0,1,17,1,1,0,2,0,0
0,59,2,0,1,1,1,1,1,2,3,1,5473,7,0,11,4,0,2,2,1,3
0,29,1,1,0,2,3,3,0,3,2,2,2703,0,0,23,4,1,3,3,0,4
0,31,1,1,0,1,4,3,0,3,2,1,2501,1,0,17,2,0,4,3,1,0
0,32,1,1,0,1,3,2,0,3,2,2,6220,1,0,17,2,2,3,3,0,9
0,36,1,1,0,6,3,2,1,4,4,2,3038,3,0,12,2,0,3,3,0,0
0,31,1,1,0,8,4,3,1,3,4,1,4424,1,0,23,4,0,2,3,1,8
0,35,1,0,1,1,4,3,0,2,1,1,4312,0,0,14,2,0,2,3,2,8
0,45,1,1,0,6,4,4,0,3,1,2,13245,4,1,14,2,0,3,4,0,0
0,37,1,1,0,7,4,1,0,3,3,1,13664,4,0,13,1,0,3,4,0,2
0,46,1,0,0,5,2,2,0,3,2,0,5021,8,1,22,4,1,2,3,0,2
0,30,1,1,0,1,1,4,0,2,4,2,5126,1,1,12,3,2,1,2,3,0
0,35,1,1,0,1,3,2,0,2,3,1,2859,1,0,18,1,0,3,3,0,4
0,55,1,0,1,1,2,1,0,3,4,2,10239,3,0,14,4,1,4,3,1,0
0,38,0,1,0,6,3,2,1,1,4,0,5329,7,1,12,4,3,3,3,1,9
0,34,1,1,0,1,2,1,0,3,2,2,4325,1,0,15,3,0,2,3,1,3
0,56,1,1,0,7,3,4,0,1,4,1,7260,4,0,11,1,0,3,2,0,2
0,23,1,0,1,2,1,3,0,3,1,0,2322,3,0,13,3,1,3,3,0,0
0,51,1,1,0,9,4,4,0,3,4,2,2075,3,0,23,2,2,4,3,0,3
0,30,1,1,0,2,3,3,0,2,4,2,4152,1,0,19,1,3,3,3,10,8
1,46,1,0,1,9,2,3,0,2,4,1,9619,1,0,16,4,0,3,3,4,7
0,40,2,1,0,1,4,3,0,2,2,2,13503,1,0,22,4,1,3,2,11,11
0,51,1,0,1,21,4,3,0,3,4,1,5441,0,1,22,4,0,2,1,1,0
0,30,1,0,1,4,2,3,1,2,2,0,5209,1,1,12,2,3,4,2,2,7
0,46,2,1,0,1,3,3,0,2,1,2,10673,2,1,13,3,1,5,2,9,5
0,32,1,0,1,6,4,2,0,3,3,1,5010,1,0,16,1,0,0,3,5,7
0,54,1,1,0,2,4,1,1,3,3,2,13549,9,0,12,1,1,5,1,0,3
0,24,1,0,1,3,2,1,1,3,3,2,4999,0,0,21,1,1,2,2,0,2
0,28,0,0,1,4,3,2,0,3,3,2,4221,1,0,15,2,0,3,4,0,4
0,58,1,0,1,10,4,4,0,3,3,1,13872,0,0,13,3,0,1,2,1,8
0,44,0,1,0,23,3,2,0,3,2,2,2042,4,0,12,3,1,3,4,1,2
1,37,1,0,0,6,4,3,0,3,1,0,2073,4,1,22,4,0,3,3,0,2
0,32,1,1,0,1,1,4,0,3,1,1,2956,1,0,13,4,0,2,3,0,0
1,20,2,1,0,6,3,4,1,2,4,1,2926,1,1,18,2,0,5,3,1,0
0,34,1,1,0,6,4,1,1,3,3,1,4809,1,0,14,3,0,3,3,2,10
0,37,0,1,0,2,2,3,0,2,4,0,5163,5,0,14,4,1,2,4,0,0
0,59,0,0,0,2,4,3,1,2,4,2,18844,9,0,21,4,1,3,3,2,2
0,50,2,1,0,1,3,1,1,3,2,2,18172,3,1,19,1,0,1,2,0,7
1,25,1,0,1,5,3,3,0,2,3,1,5744,1,1,11,4,0,1,3,0,3
0,25,1,1,0,7,1,4,0,2,4,2,2889,1,0,11,3,2,2,3,2,1
0,22,1,1,0,15,3,2,1,3,4,1,2871,1,0,15,3,0,5,3,0,0
0,51,2,1,0,1,4,1,1,2,1,1,7484,3,0,20,3,0,1,2,12,8
1,34,2,1,0,7,3,1,0,1,3,1,6074,1,1,24,4,0,3,3,0,6
0,54,0,0,0,26,3,4,1,4,4,1,17328,2,1,12,3,0,3,3,4,4
0,24,1,1,0,18,1,2,0,3,3,2,2774,0,0,12,3,1,2,3,1,2
0,34,1,1,0,6,4,3,1,2,2,0,4505,6,0,15,3,1,3,3,0,0
0,37,1,0,1,3,3,3,0,3,4,1,7428,2,0,12,1,0,3,3,1,3
0,34,1,1,0,5,3,3,1,2,1,1,11631,2,0,12,4,0,6,3,5,8
0,36,2,0,1,11,2,2,1,3,4,2,9738,0,0,14,3,1,6,3,2,8
0,36,1,1,0,3,2,1,1,3,4,0,2835,5,0,22,1,1,2,3,0,0
0,43,2,0,1,26,2,3,0,3,4,2,16959,1,1,12,4,2,3,4,4,12
0,30,2,1,0,23,3,1,0,1,3,0,2613,1,0,25,3,3,2,2,0,9
0,33,0,0,1,22,2,3,0,3,2,2,6146,0,0,13,1,1,2,4,0,7
1,56,1,1,0,14,4,2,1,3,2,2,4963,9,1,18,1,3,2,3,4,3
0,51,1,1,0,6,3,1,0,3,3,1,19537,7,0,13,3,0,5,3,15,15
1,31,1,0,1,6,4,2,0,1,3,2,6172,4,1,18,2,0,3,2,7,7
0,26,1,1,0,6,3,3,1,2,2,2,2368,1,0,19,3,0,3,2,4,3
1,58,1,1,0,23,4,4,1,3,4,2,10312,1,0,12,4,1,3,2,15,6
1,19,1,0,1,22,1,4,0,3,3,1,1675,1,1,19,4,0,2,2,0,0
0,22,1,1,0,2,1,3,0,3,4,2,2523,0,0,14,3,1,2,3,2,1
0,49,1,1,0,20,4,3,1,3,1,2,6567,1,0,14,3,0,2,2,5,11
0,43,2,1,0,28,3,2,1,4,3,1,4739,4,0,12,4,0,2,3,1,2
0,50,2,0,1,12,3,3,1,3,4,1,9208,4,0,11,4,0,3,3,2,1
1,31,1,0,1,20,3,2,1,1,3,2,4559,3,1,11,3,1,2,3,2,2
0,41,1,0,1,9,1,3,0,3,3,0,8189,3,1,13,3,1,2,3,0,7
0,26,1,0,0,25,1,3,1,3,3,2,2942,1,0,23,4,1,3,3,5,7
0,36,1,1,0,6,2,2,0,3,2,0,4941,6,0,20,4,2,0,3,0,1
1,51,2,1,0,8,4,1,0,1,4,1,10650,2,0,15,4,0,2,3,0,3
0,39,1,0,1,4,4,4,1,2,3,2,5902,4,0,14,3,1,1,4,5,9
0,25,1,0,1,28,3,1,0,2,3,2,8639,2,0,18,4,0,3,3,2,2
0,30,1,0,0,9,3,3,0,3,4,2,6347,0,1,19,4,0,2,1,4,7
1,32,1,1,0,9,3,1,1,3,1,1,4200,7,0,22,1,0,2,4,0,4
0,45,1,1,0,29,3,3,0,3,4,1,3452,5,0,13,2,0,2,2,0,3
0,38,1,1,0,3,5,4,1,3,3,1,4317,3,1,20,2,0,2,3,2,2
0,30,1,1,0,18,3,1,1,3,3,1,2632,1,0,14,3,0,4,2,0,4
0,32,2,0,1,9,2,4,0,1,4,0,4668,0,0,17,4,3,2,4,0,7
0,30,1,1,0,5,3,4,1,3,1,0,3204,5,0,14,4,1,3,3,2,2
0,30,1,1,0,2,1,2,0,2,4,1,2720,0,0,13,4,0,3,3,1,2
0,41,2,1,0,10,3,4,0,2,1,0,17181,4,0,13,2,1,2,2,7,7
0,41,1,1,0,9,4,3,0,3,1,2,2238,2,0,21,4,1,2,3,1,4
0,19,1,1,0,3,1,2,1,3,2,1,1483,1,0,14,4,0,3,3,0,0
0,40,2,1,0,26,3,2,1,3,2,0,5605,1,0,11,1,1,2,3,2,13
0,35,1,0,1,1,5,3,0,3,2,2,7295,1,0,13,1,2,3,3,0,6
0,53,1,0,1,6,2,2,0,3,3,2,2306,2,1,20,4,1,3,1,4,5
0,45,1,1,0,9,3,2,0,3,2,0,2348,8,0,18,3,1,2,1,0,15
0,32,2,0,1,8,3,2,1,3,4,1,8998,1,0,14,4,0,2,3,3,7
0,29,0,1,0,1,1,4,0,3,3,2,4319,1,0,13,1,1,1,3,0,9
0,51,1,1,0,7,4,2,0,2,3,2,6132,2,0,17,3,0,2,3,0,0
0,58,1,1,0,9,3,2,1,2,2,2,3346,4,1,20,2,1,3,2,0,0
0,40,1,0,1,4,4,3,0,2,4,2,10855,7,0,11,1,1,2,2,2,11
0,34,2,0,1,2,4,3,1,3,3,2,2231,6,0,18,4,1,3,3,1,2
0,22,1,1,0,19,1,3,0,3,4,2,2323,1,0,24,1,2,6,3,2,2
0,27,0,1,0,9,3,4,0,3,2,0,2024,6,0,18,4,1,1,1,2,2
0,28,1,1,0,21,3,3,0,3,4,2,2713,1,0,11,3,1,2,1,0,2
0,57,1,1,0,24,2,3,0,4,4,0,9439,3,1,16,2,1,2,1,1,4
0,27,0,1,0,3,3,3,0,2,3,0,2566,1,1,15,4,1,2,2,0,1
0,50,1,1,0,11,3,3,1,3,2,1,19926,3,0,15,2,0,5,3,4,4
0,41,1,1,0,14,3,1,0,3,3,0,2451,4,0,12,1,1,2,3,1,8
0,30,1,0,1,5,3,2,1,3,4,2,9419,2,0,12,3,1,2,3,7,4
0,38,1,0,1,1,4,1,1,2,4,1,8686,4,0,22,3,0,2,4,0,7
0,32,1,1,0,6,5,3,0,3,3,1,3038,3,0,20,1,0,2,3,1,4
0,27,1,1,0,17,3,3,0,3,2,2,3058,0,1,16,4,1,3,2,1,1
1,19,2,0,1,1,1,3,1,1,1,1,2325,0,0,21,1,0,5,4,0,0
0,36,2,1,0,3,2,4,0,3,2,1,2088,4,0,12,3,0,3,2,7,2
0,30,0,1,0,9,3,3,0,3,1,0,3072,1,0,11,3,2,4,3,6,10
0,45,1,0,1,4,2,3,1,3,1,0,5006,4,1,11,1,1,3,4,0,3
0,56,1,1,0,8,3,3,1,3,1,0,4257,4,1,18,3,1,3,3,2,2
0,33,1,1,0,2,3,3,0,3,4,1,2500,0,0,14,1,0,2,4,0,2
1,19,1,1,0,2,3,2,0,2,4,1,1102,1,0,22,3,0,3,2,1,0
0,46,1,0,1,1,2,2,1,3,1,0,10453,1,0,25,3,3,2,3,15,7
0,38,1,1,0,9,2,3,1,3,4,1,2288,1,0,12,3,0,3,3,2,1
0,31,1,1,0,12,1,3,1,3,4,2,3929,8,1,23,3,1,0,3,0,2
0,34,1,1,0,27,2,4,1,3,2,1,2311,2,0,15,4,0,3,3,1,2
1,41,1,0,1,20,2,2,1,3,2,1,3140,1,1,22,4,0,5,2,0,2
0,50,1,1,0,1,3,3,0,2,3,2,3690,2,0,15,4,1,2,2,0,2
0,53,1,1,0,13,2,4,1,4,1,0,4450,1,0,11,3,2,3,3,1,3
0,33,1,1,0,14,3,4,1,3,2,2,2756,1,0,13,4,1,5,3,1,6
0,40,1,1,0,4,1,4,1,3,3,2,19033,1,0,14,2,1,2,3,9,9
0,55,1,1,0,14,4,3,0,4,2,1,18722,8,0,11,4,0,3,3,2,15
0,34,2,1,0,2,1,4,0,2,3,2,9547,1,0,17,3,0,2,2,1,9
0,51,1,1,0,3,3,4,1,3,2,1,13734,3,0,18,3,0,6,3,1,0
0,52,1,1,0,1,4,3,0,2,3,2,19999,0,0,14,1,1,5,3,11,9
0,27,1,1,0,9,3,4,1,3,2,1,2279,1,0,16,4,0,2,2,0,3
1,35,1,1,0,23,2,2,0,2,3,2,5916,3,1,13,1,0,1,3,0,1
0,43,0,1,0,7,3,4,0,4,4,0,2089,4,0,14,4,3,3,4,2,2
0,45,0,1,0,2,2,1,0,2,4,2,16792,9,0,23,4,1,1,3,11,8
0,37,1,1,0,21,3,2,0,4,1,2,3564,1,1,12,1,1,3,2,1,7
0,35,2,1,0,2,3,2,1,3,2,1,4425,5,0,11,4,0,5,3,1,2
0,42,0,1,0,21,2,3,1,3,3,0,5265,2,0,16,2,1,5,3,0,2
0,38,1,1,0,2,4,4,0,3,3,2,6553,9,0,14,2,0,3,3,0,0
0,38,1,1,0,29,3,4,0,3,4,2,6261,3,0,18,1,1,3,1,1,7
0,27,2,1,0,1,1,3,0,2,1,2,4298,5,0,19,3,1,1,3,2,0
0,49,0,1,0,18,4,4,0,3,4,0,6804,1,1,15,1,2,0,3,1,7
0,34,2,1,0,10,4,4,0,3,3,0,3815,1,1,17,4,1,4,4,2,0
0,40,1,1,0,19,2,3,0,3,4,2,2741,8,1,15,3,1,2,4,3,7
1,38,1,1,0,29,1,2,0,3,1,2,6673,7,1,19,2,0,2,3,0,0
1,29,1,0,1,27,3,2,1,3,4,2,7639,1,0,22,4,3,3,2,1,9
0,22,1,1,0,5,3,4,0,4,2,0,2328,1,1,16,1,1,2,2,2,2
0,36,2,1,0,18,1,2,1,3,4,1,2153,1,0,13,1,0,2,3,1,7
0,40,0,1,0,9,5,4,0,2,4,2,4876,9,0,14,4,1,5,1,0,2
0,46,1,1,0,1,4,4,0,3,1,0,9396,7,0,16,3,1,3,3,0,3
1,32,1,0,1,4,4,4,0,1,4,2,10400,1,0,11,3,0,2,2,9,8
0,30,0,1,0,1,1,3,0,2,3,1,8474,1,0,22,3,0,2,3,5,8
0,27,2,0,1,20,3,4,1,3,3,1,9981,1,0,14,4,0,2,3,0,7
0,51,1,1,0,8,4,2,0,2,2,2,12490,5,0,16,4,2,5,1,4,7
1,30,1,1,0,3,3,4,1,3,1,1,2657,5,1,11,3,0,5,3,0,4
0,41,1,0,1,6,3,4,1,3,4,1,13591,3,1,18,3,0,3,3,0,0
1,30,2,0,1,26,4,3,1,2,1,1,6696,5,0,15,3,0,5,2,0,1
1,29,1,1,0,1,3,3,0,3,3,1,2058,0,0,14,4,0,1,2,1,5
0,45,0,0,1,6,3,4,1,2,4,1,8865,6,0,12,4,0,2,3,12,8
0,54,1,0,1,3,3,4,1,3,1,2,5940,2,0,14,4,1,4,3,0,5
0,36,1,1,0,5,2,4,0,3,2,1,5914,8,0,16,4,0,3,4,3,7
0,33,1,1,0,4,4,3,1,2,2,2,2622,6,0,21,4,0,3,3,1,1
0,37,2,1,0,11,3,2,0,3,4,0,12185,1,1,14,3,3,1,3,0,7
0,38,1,0,1,3,3,1,0,3,3,0,10609,0,0,12,3,2,6,2,5,13
0,31,0,1,0,1,4,3,0,1,3,2,4345,0,0,12,4,1,2,3,1,4
0,59,1,1,0,3,3,3,0,2,4,2,2177,3,0,17,1,1,6,3,0,0
0,37,2,0,1,4,4,1,0,3,4,0,2793,4,0,17,3,1,2,3,5,8
0,29,2,0,1,1,1,2,1,3,4,2,7918,1,0,14,4,1,5,3,4,1
0,35,2,0,1,1,3,3,1,3,3,1,8789,1,0,14,1,0,3,4,0,8
1,29,1,1,0,18,1,3,0,2,4,1,2389,1,1,13,3,0,3,2,0,1
0,52,1,1,0,2,3,3,1,2,4,1,3212,7,0,15,2,0,3,2,2,2
0,42,1,1,0,4,2,3,0,3,4,2,19232,1,0,11,4,0,3,3,11,15
0,59,1,0,0,6,2,2,0,3,3,2,2267,8,0,17,4,0,2,2,2,2
0,50,1,0,1,1,4,4,1,3,4,0,19517,3,0,11,3,1,3,2,0,6
1,33,1,1,0,14,3,3,0,3,4,2,2436,5,1,13,3,1,2,1,0,4
0,43,1,0,1,16,3,4,1,3,4,2,16064,5,1,22,3,1,3,3,1,9
1,33,1,1,0,2,2,1,1,3,1,2,2707,7,0,20,1,0,3,4,1,7
0,52,0,0,1,2,4,1,0,2,3,1,19068,1,1,18,4,0,2,4,15,12
0,32,1,0,1,4,2,3,1,3,2,2,3931,2,0,11,1,1,5,3,1,2
1,32,1,1,0,1,3,4,0,2,3,1,3730,0,1,14,4,0,2,1,1,2
0,39,1,1,0,1,4,3,1,3,3,0,2232,7,0,14,3,3,1,3,1,2
0,32,0,0,1,26,4,3,0,3,4,2,4465,0,0,18,1,0,2,3,2,2
0,41,1,1,0,19,2,3,0,3,1,0,3072,2,0,16,1,2,2,2,0,0
0,40,1,1,0,24,2,1,0,3,4,0,3319,1,0,17,1,2,3,3,4,7
0,45,1,1,0,1,3,3,0,4,4,2,19202,0,0,11,3,1,2,3,1,7
0,31,2,1,0,3,4,2,0,3,3,0,13675,9,0,12,1,1,3,3,2,2
0,33,1,1,0,5,4,3,1,2,4,2,2911,1,0,13,3,1,2,2,0,2
0,34,1,1,0,2,4,4,0,2,1,2,5957,6,0,13,2,1,3,3,5,9
0,37,1,1,0,1,2,3,1,2,1,2,3920,2,0,14,1,1,2,2,0,2
0,45,2,1,0,7,4,1,0,4,3,2,6434,4,0,17,4,1,1,3,0,2
1,37,2,1,0,10,3,1,0,3,3,0,10048,6,0,11,2,2,5,3,0,0
0,39,2,1,0,2,4,3,1,3,3,1,10938,0,0,25,4,0,1,3,11,8
0,29,1,1,0,15,3,3,0,3,4,1,2340,1,0,19,1,0,1,3,1,5
0,42,1,1,0,17,2,4,1,4,1,1,6545,3,1,13,3,0,1,3,0,2
0,29,1,0,1,20,2,4,0,3,4,0,6931,2,0,14,4,1,2,3,0,2
0,25,1,1,0,1,3,1,1,3,3,2,4898,0,0,12,4,2,3,3,1,2
0,42,1,1,0,2,3,4,1,2,1,0,2593,0,1,11,3,1,4,3,7,8
0,40,1,1,0,2,2,1,0,3,3,0,19436,0,0,19,4,1,5,3,3,9
0,51,1,1,0,1,3,3,0,3,4,2,2723,1,0,11,2,0,0,2,0,0
1,31,2,1,0,29,2,3,0,2,2,1,3479,0,0,11,2,0,2,4,1,4
0,32,2,1,0,7,3,2,0,4,2,2,2794,1,0,20,3,0,3,1,0,3
0,38,0,0,1,2,2,4,0,2,4,2,5249,3,0,18,4,1,0,3,7,5
0,32,1,1,0,2,1,4,0,2,1,1,2176,4,0,13,4,0,5,3,0,4
0,46,1,0,1,2,3,3,1,1,2,2,16872,3,1,12,2,1,2,2,7,7
1,28,1,1,0,2,4,1,0,3,3,1,3485,2,0,11,3,0,5,1,0,0
0,29,1,0,1,2,3,1,0,2,2,2,6644,2,0,19,2,2,2,3,0,0
0,31,1,1,0,23,3,2,0,2,4,2,5582,0,0,21,2,1,2,3,7,8
0,25,0,1,0,5,2,2,0,4,1,0,4000,1,0,12,4,2,2,3,1,5
0,45,1,1,0,20,2,3,0,3,4,2,13496,0,1,14,2,0,2,3,4,10
0,36,1,1,0,6,3,4,0,3,4,2,3210,0,0,11,3,1,4,3,10,11
0,55,1,1,0,1,3,4,0,3,1,1,19045,0,1,14,3,0,2,3,4,13
1,47,0,1,0,29,4,1,0,3,2,2,11849,1,1,12,4,1,2,2,9,9
0,28,1,1,0,9,3,4,0,3,4,2,2070,1,0,23,4,1,3,2,0,4
0,37,1,0,1,6,4,3,0,3,4,2,6502,4,0,14,2,1,5,4,0,1
0,21,1,1,0,3,2,4,0,2,3,1,3230,1,0,17,1,0,4,4,1,0
0,37,0,1,0,1,4,1,1,3,4,0,13603,2,1,18,1,2,2,3,0,2
0,35,1,1,0,22,3,2,1,4,2,0,11996,7,0,18,2,1,6,2,6,2
0,38,1,0,1,7,2,1,1,4,1,0,5605,1,1,24,3,1,3,3,7,7
0,26,2,1,0,1,3,3,1,3,2,0,6397,1,0,20,1,1,6,1,1,4
0,50,1,1,0,4,1,1,0,3,2,0,19144,3,0,14,1,2,4,2,1,6
0,53,1,1,0,3,4,3,0,3,3,2,17584,3,1,16,4,3,5,2,1,3
0,42,1,0,1,1,1,2,0,3,3,2,4907,1,0,25,3,0,3,3,11,6
0,29,2,0,1,2,2,2,0,3,4,1,4554,1,0,18,1,0,3,2,0,9
0,55,1,1,0,20,2,2,0,3,4,2,5415,3,1,19,4,1,4,3,0,8
0,26,2,1,0,11,2,1,0,3,1,2,4741,1,1,13,3,1,3,3,3,3
0,37,1,1,0,1,3,4,1,3,4,1,2115,1,0,12,2,0,3,3,5,7
1,44,2,1,0,24,3,4,0,3,3,0,3161,3,1,22,4,1,0,1,0,0
0,38,1,1,0,23,4,4,0,3,4,0,5745,9,0,14,2,1,2,3,1,2
1,26,1,1,0,16,4,1,0,3,2,0,2373,2,1,13,4,1,2,3,0,2
0,28,1,1,0,8,2,4,1,3,4,1,3310,1,0,21,4,0,3,3,0,2
0,49,2,1,0,10,4,3,1,3,1,1,18665,9,1,11,4,0,4,3,1,2
0,36,1,1,0,3,3,3,0,3,2,1,4485,4,0,12,4,0,2,3,7,7
0,31,2,0,1,5,3,4,1,3,2,0,2789,1,0,11,3,1,5,2,2,2
1,26,1,0,1,4,4,4,0,2,4,1,5828,1,1,12,2,0,0,3,7,4
0,37,2,1,0,9,3,2,0,3,4,2,2326,1,1,12,3,3,3,2,1,2
0,42,2,0,1,26,3,3,1,3,2,2,13525,5,0,14,4,1,2,4,4,8
1,18,1,1,0,3,3,3,0,3,3,1,1420,1,0,13,3,0,2,3,0,0
0,35,1,0,1,16,3,3,0,3,2,2,8020,0,0,15,3,2,3,2,6,9
0,36,2,1,0,18,4,3,0,4,4,2,3688,4,0,18,4,2,2,3,0,0
0,51,1,1,0,2,3,4,0,1,2,0,5482,5,0,18,4,1,3,3,1,2
0,41,1,0,1,2,4,4,0,3,2,1,16015,1,0,19,2,0,2,3,0,4
0,18,1,0,1,10,3,4,1,2,3,1,1200,1,0,12,1,0,2,3,0,0
0,28,1,1,0,16,2,2,0,4,1,1,5661,0,0,19,3,0,2,3,0,7
0,31,1,0,1,7,3,2,0,4,4,2,6929,4,0,11,2,1,3,2,7,7
0,39,1,1,0,1,3,3,0,4,4,0,9613,0,0,17,1,3,5,2,3,7
0,36,0,1,0,24,4,2,1,3,2,2,5674,7,0,15,3,1,3,3,0,8
0,32,1,0,1,7,3,4,0,2,3,2,5484,1,0,14,3,1,3,2,4,8
0,38,1,1,0,25,2,1,1,2,2,2,12061,3,0,17,3,1,2,3,0,1
0,58,0,1,0,1,4,4,0,1,3,0,5660,2,1,13,4,1,2,3,1,2
0,31,1,1,0,5,4,3,0,3,4,2,4821,0,1,12,3,1,4,3,0,3
0,31,1,0,0,2,3,1,0,2,1,2,6410,3,0,12,4,0,1,3,1,0
0,45,2,1,0,7,3,1,0,3,1,0,5210,1,0,18,1,1,2,3,9,11
0,31,1,1,0,2,4,3,0,3,4,0,2695,0,1,18,2,1,2,1,2,2
0,33,2,1,0,5,4,4,1,3,2,2,11878,6,0,11,2,2,2,3,8,8
0,39,1,1,0,10,1,3,0,3,1,2,17068,1,1,14,4,0,3,3,11,10
0,43,2,1,0,10,4,3,1,3,4,1,2455,0,0,19,1,0,5,3,1,7
0,49,1,1,0,1,2,3,1,2,3,1,13964,7,1,12,4,0,2,3,0,7
1,52,1,1,0,8,4,3,0,2,2,2,4941,2,0,15,1,0,3,2,7,7
0,27,1,1,0,5,3,3,1,3,2,1,2478,1,1,12,2,0,2,2,1,2
0,32,1,0,1,8,2,3,1,2,2,2,5228,1,1,11,4,0,2,3,11,9
0,27,1,0,1,2,3,4,0,3,3,1,4478,1,1,11,1,0,3,3,0,4
0,31,1,0,1,7,3,4,0,3,4,0,7547,4,0,12,4,3,3,3,1,7
0,32,1,1,0,2,4,1,1,4,4,1,5055,7,0,16,3,0,0,2,0,7
1,28,1,1,0,2,4,1,0,1,4,2,3464,5,1,13,4,0,4,2,2,2
0,30,1,1,0,28,2,4,1,3,4,2,5775,1,0,13,4,2,2,3,1,9
0,31,2,1,0,7,2,3,1,2,3,2,8943,1,0,24,1,1,2,3,8,9
0,39,2,1,0,7,2,3,0,2,4,2,19272,1,0,15,1,1,2,3,13,3
1,39,1,0,1,3,2,4,1,3,3,2,5238,4,1,18,1,0,3,2,0,0
0,33,2,0,1,10,3,2,0,2,4,1,4682,3,0,14,3,0,6,2,0,1
0,47,1,1,0,5,5,4,0,3,3,2,18300,4,0,11,2,1,2,3,1,1
0,43,2,1,0,10,4,3,1,2,3,0,5257,1,0,11,2,1,3,4,0,0
0,27,0,0,1,1,1,3,0,3,2,2,6349,0,1,13,4,1,0,3,1,4
0,54,2,1,0,20,4,4,1,3,3,1,4869,3,0,12,4,0,4,2,0,3
0,43,1,1,0,7,3,3,1,3,1,2,9985,8,0,16,1,1,1,2,0,0
0,45,1,1,0,8,4,4,0,3,4,2,3697,9,0,14,1,2,3,3,9,8
0,40,1,0,1,1,2,2,0,1,4,2,7457,2,1,22,3,3,2,2,0,2
1,29,1,1,0,8,4,2,0,1,1,2,2119,1,1,11,4,0,4,2,0,7
0,29,1,1,0,9,5,2,0,2,4,1,3983,0,0,17,3,0,2,3,2,2
0,30,1,0,1,5,3,4,1,2,3,0,6118,1,0,13,3,3,2,3,1,2
0,27,1,0,1,8,4,2,1,3,2,2,6214,1,0,18,1,1,3,3,0,7
0,37,1,1,0,5,2,4,0,3,4,0,6347,7,0,16,3,2,2,2,0,4
0,38,1,1,0,15,2,3,0,2,4,0,11510,0,1,14,2,1,3,3,2,9
0,31,1,1,0,7,4,3,1,3,4,1,7143,1,1,14,3,0,2,2,4,10
0,29,1,0,1,10,1,4,1,2,2,0,8268,1,1,14,1,2,2,3,1,7
0,35,1,1,0,5,4,3,0,3,2,1,8095,0,0,13,4,0,5,3,0,13
0,23,1,1,0,26,1,3,0,3,4,0,2904,1,0,12,3,2,2,2,0,2
0,41,1,1,0,6,3,4,0,2,2,1,6032,6,1,15,4,0,3,3,1,2
0,47,2,0,1,4,1,2,0,3,3,1,2976,3,0,19,1,0,3,3,0,0
0,42,1,1,0,23,5,1,1,3,4,1,15992,2,0,14,2,0,2,3,0,0
0,29,0,0,1,2,3,4,0,3,3,2,4649,1,0,14,1,1,3,2,0,2
0,42,1,0,0,2,1,3,0,3,3,0,2696,0,1,11,3,1,5,3,1,0
0,32,1,1,0,2,3,3,1,3,2,2,2370,1,0,13,3,1,4,3,0,7
0,48,1,0,1,29,1,1,1,3,3,2,12504,3,0,21,2,1,3,1,0,0
0,37,1,1,0,6,3,3,0,4,1,0,5974,4,1,13,1,2,2,3,6,7
0,30,0,0,1,25,2,4,1,3,3,2,4736,7,1,12,2,1,2,4,2,2
0,26,1,0,1,1,3,3,0,3,3,2,5296,1,0,17,2,1,3,3,7,7
0,42,1,1,0,2,4,1,0,2,4,1,6781,3,0,23,2,0,6,3,0,0
1,21,2,0,1,1,1,1,1,2,2,1,2174,1,1,11,3,0,3,3,1,2
0,36,0,0,1,1,5,4,1,3,4,1,6653,4,0,15,2,0,6,3,0,0
0,36,2,0,1,3,4,1,0,2,4,2,9699,4,0,11,1,1,2,3,1,12
0,57,1,1,0,1,4,4,0,3,3,2,6755,2,0,11,3,0,2,3,1,2
0,40,1,1,0,10,4,4,1,4,3,2,2213,3,1,13,3,1,3,3,1,7
0,21,0,0,1,9,2,1,0,3,4,1,2610,1,0,24,3,0,3,2,2,2
1,33,1,0,1,5,3,4,1,3,3,1,2851,1,1,13,2,0,2,3,0,0
0,37,1,1,0,10,3,3,1,3,1,2,3452,6,0,20,2,1,3,3,0,3
0,46,0,1,0,7,4,3,1,3,3,2,5258,2,0,14,3,0,2,4,0,0
1,41,2,0,1,4,3,1,0,3,2,1,9355,1,0,18,3,0,5,3,7,7
0,50,1,1,0,10,3,4,0,2,4,1,10496,6,0,15,4,0,2,3,1,3
1,40,1,0,1,22,2,3,0,2,3,2,6380,2,1,12,1,2,6,3,1,0
0,31,1,1,0,9,4,3,0,2,2,1,2657,0,1,16,4,0,5,3,2,2
1,21,1,0,1,12,3,3,1,4,2,1,2716,1,0,15,4,0,0,3,0,0
0,29,1,1,0,23,3,4,0,3,4,1,2201,9,0,16,4,0,4,3,1,2
0,35,1,1,0,9,4,3,0,2,2,1,6540,9,0,19,3,0,5,3,0,0
0,27,1,1,0,1,2,4,0,3,2,0,3816,1,0,11,2,1,2,3,0,4
0,28,1,0,1,9,4,2,0,3,4,1,5253,1,0,16,4,0,1,3,0,7
0,49,1,1,0,7,3,2,0,2,3,1,10965,8,0,24,3,0,2,3,0,0
0,51,1,0,1,14,2,3,1,3,4,2,4936,4,0,11,3,1,2,2,0,7
0,36,1,1,0,2,3,4,1,3,3,2,2543,4,0,13,2,1,3,3,2,2
1,34,0,0,1,19,3,1,0,4,4,1,5304,8,1,13,2,0,3,2,0,4
0,55,1,1,0,2,3,3,1,3,4,1,16659,2,1,13,3,0,2,3,1,2
0,24,1,0,1,10,4,4,1,3,3,0,4260,1,1,12,4,1,2,4,0,3
0,30,1,0,1,2,1,3,0,3,2,2,2476,1,0,18,1,1,3,3,0,0
1,26,2,1,0,3,1,3,0,3,1,1,3102,0,0,22,3,0,2,3,0,4
0,22,1,1,0,11,3,1,1,3,2,2,2244,1,0,13,4,1,1,3,1,2
0,36,1,0,1,2,2,2,0,2,3,2,7596,1,0,13,2,2,2,3,9,0
1,30,2,1,0,4,3,3,0,3,4,1,2285,9,1,23,3,0,4,3,0,0
0,37,1,1,0,14,3,4,1,3,1,0,3034,1,0,12,3,1,2,2,12,17
0,40,1,0,1,2,2,4,1,3,2,0,5715,7,0,12,3,2,5,3,1,3
0,42,1,1,0,1,4,2,1,3,1,0,2576,3,0,16,2,1,5,3,1,2
0,37,1,1,0,10,4,3,0,3,2,1,4197,2,1,12,4,0,2,2,0,1
0,43,1,1,0,12,3,1,0,2,2,0,14336,1,0,11,3,1,3,3,3,9
0,40,1,1,0,2,3,2,1,2,3,2,3448,6,0,22,2,1,3,3,0,0
0,54,1,1,0,5,2,1,0,3,1,2,19406,4,0,11,3,1,4,2,1,2
0,34,0,0,1,4,4,3,1,3,3,2,6538,9,0,15,1,1,3,3,1,2
0,31,1,1,0,7,2,2,1,3,1,2,4306,1,0,12,2,1,5,1,3,12
0,43,2,1,0,21,3,4,0,3,4,2,2258,7,0,20,1,1,1,3,1,2
0,43,1,1,0,8,4,3,1,3,3,0,4522,4,1,14,4,0,3,3,0,2
0,25,1,0,1,4,2,2,1,2,4,1,4487,1,1,11,2,0,3,3,1,3
0,37,0,1,0,25,5,2,1,3,3,2,4449,3,1,15,1,2,2,3,10,7
0,31,1,1,0,1,2,4,0,2,1,2,2218,1,0,12,3,1,3,3,3,2
0,39,2,1,0,1,1,2,0,3,3,0,19197,1,1,14,3,1,3,3,1,6
0,56,2,0,1,6,3,3,1,4,1,2,13212,9,0,11,4,3,0,2,7,7
0,30,1,0,1,12,3,2,1,3,3,1,6577,0,0,11,2,0,6,3,4,4
0,41,1,0,1,1,3,2,0,4,1,2,8392,1,0,16,3,1,2,3,0,7
0,28,1,1,0,17,2,3,0,3,1,0,4558,1,0,12,4,1,2,3,1,8
1,25,1,1,0,3,3,1,0,3,1,2,4031,5,0,13,3,1,5,3,0,2
0,52,1,1,0,3,3,4,0,2,3,2,7969,2,1,14,3,0,4,3,0,4
0,45,1,1,0,10,2,1,0,3,4,2,2654,3,0,21,4,2,3,2,0,2
0,52,1,1,0,4,2,4,1,3,4,2,16555,2,0,13,4,0,2,1,1,4
0,42,2,1,0,29,2,1,1,3,3,0,4556,2,0,11,2,1,3,3,0,2
0,30,1,1,0,2,3,3,1,1,4,1,6091,2,0,20,3,0,2,3,0,2
0,60,1,1,0,7,3,1,1,3,1,2,19566,5,0,11,4,0,5,1,11,10
0,46,1,1,0,18,3,3,1,3,3,0,4810,2,0,14,3,1,5,2,0,8
0,42,2,1,0,28,4,4,1,2,4,2,4523,0,0,11,4,3,4,4,0,4
1,24,1,0,1,1,1,1,1,3,2,1,3202,1,1,16,2,0,4,3,1,4
1,34,2,0,1,6,2,4,1,1,3,0,2351,0,0,16,4,1,3,2,1,0
0,38,2,1,0,2,2,4,0,3,4,2,1702,1,1,23,3,1,3,3,0,0
0,40,1,0,1,2,4,3,1,3,3,2,18041,0,0,14,4,0,2,3,1,12
0,26,1,1,0,23,3,1,1,3,4,0,2886,1,0,22,2,2,3,1,0,2
0,30,0,1,0,3,3,3,0,3,4,2,2097,4,0,15,3,1,3,1,1,4
0,29,1,1,0,3,4,2,0,2,3,2,11935,1,0,18,3,0,2,3,0,7
1,29,1,1,0,25,5,3,1,2,2,2,2546,5,0,16,2,0,2,4,1,1
1,19,1,0,0,2,2,1,0,2,4,1,2564,1,0,12,3,0,3,4,0,0
0,30,0,0,1,22,4,3,1,3,1,2,8412,0,0,11,3,0,3,3,7,8
0,57,1,0,1,29,3,1,0,2,4,0,14118,3,0,12,3,1,3,2,0,0
0,50,1,1,0,29,4,2,0,2,3,2,17046,0,0,15,2,1,2,3,15,7
0,30,0,1,0,2,3,3,1,3,4,1,2564,0,0,14,3,0,2,2,6,7
0,60,2,0,1,28,3,3,1,2,1,2,10266,4,0,19,4,0,5,4,13,11
0,47,1,1,0,2,2,1,1,3,4,0,5070,5,0,13,3,3,2,3,0,4
0,46,1,1,0,2,3,1,0,3,3,2,17861,6,0,13,3,0,2,1,0,1
0,35,1,1,0,22,3,4,0,1,3,1,4230,0,0,15,3,0,2,3,4,3
0,54,1,1,0,8,4,3,1,3,3,1,3780,7,0,11,3,0,3,3,0,0
0,34,1,1,0,2,4,4,0,2,3,0,2768,3,0,12,3,1,3,3,5,7
0,46,1,0,1,10,3,3,1,2,4,2,9071,2,1,19,3,1,3,3,1,2
0,31,1,1,0,9,1,3,0,3,2,0,10648,1,0,25,4,1,6,4,0,8
1,33,1,1,0,15,1,2,0,3,3,2,13610,7,1,12,4,0,2,4,7,7
1,33,1,1,0,10,1,1,0,1,4,0,3408,7,0,13,1,3,2,3,1,3
0,30,1,0,1,7,1,4,0,3,2,1,2983,0,0,14,1,0,3,3,1,2
0,35,1,1,0,16,3,4,0,3,3,2,7632,4,1,12,3,0,2,3,0,0
1,31,2,1,0,20,3,1,0,3,3,2,9824,3,0,12,1,0,2,3,0,0
1,34,2,0,0,23,3,2,1,3,1,0,9950,9,1,15,3,3,2,3,0,2
0,42,2,1,0,5,2,2,0,3,3,2,2093,4,0,17,4,1,4,3,2,0
0,36,0,0,1,10,4,2,0,3,4,1,9980,1,0,14,4,0,3,2,9,7
1,22,2,1,0,4,1,3,0,2,3,1,3894,5,0,16,3,0,3,3,1,2
0,48,1,0,1,2,5,2,1,3,4,2,4051,2,0,14,1,1,2,3,6,7
0,55,1,0,1,18,5,1,1,3,2,1,16835,3,0,23,4,0,2,3,7,7
0,41,0,0,1,10,2,4,0,3,4,1,6230,7,0,14,4,0,3,3,1,10
0,35,1,0,1,1,3,2,0,3,3,2,4717,9,0,11,3,0,2,3,6,9
0,40,1,1,0,6,3,2,1,3,3,1,13237,7,0,15,3,0,3,3,5,13
0,39,2,1,0,8,1,3,1,3,3,2,3755,1,0,11,1,1,3,3,0,7
0,31,1,0,1,2,1,2,0,3,4,1,6582,4,1,13,3,0,2,4,0,5
0,42,1,1,0,24,3,4,0,3,1,2,7406,1,1,21,4,1,5,2,5,8
0,45,1,0,1,2,3,4,0,3,2,2,4805,0,0,19,2,1,3,4,3,7
1,26,2,0,0,17,4,2,1,3,3,0,2741,0,1,11,2,1,2,2,1,0
0,29,1,1,0,19,3,4,0,3,4,0,4262,4,0,12,2,2,2,4,1,2
0,33,1,1,0,1,5,1,1,4,3,0,16184,4,0,19,3,1,2,3,0,5
0,31,1,0,1,7,3,3,0,2,4,0,11557,9,0,21,3,1,3,2,0,1
1,18,2,0,1,5,3,2,0,3,2,1,1878,1,1,14,4,0,3,3,0,0
0,40,0,0,1,28,3,3,0,1,1,0,10932,3,0,15,3,1,2,3,0,1
0,41,0,1,0,2,4,1,1,2,3,1,6811,2,1,17,1,0,3,3,0,7
0,26,1,0,1,29,2,1,0,3,3,0,4306,5,0,12,1,2,5,3,0,0
0,35,1,0,1,1,3,1,1,3,3,1,4859,1,0,16,4,0,3,3,0,3
0,34,1,0,1,21,4,4,0,4,4,1,5337,1,0,12,4,0,3,3,5,7
1,26,1,1,0,24,3,3,0,1,4,1,2340,1,1,18,2,0,3,1,0,0
0,37,1,1,0,1,3,2,1,3,4,1,7491,4,0,17,4,0,3,4,1,2
0,46,2,1,0,18,1,1,1,3,3,2,10527,5,0,11,4,0,3,2,1,2
0,41,1,0,1,2,5,2,1,3,1,2,16595,7,0,16,2,1,2,3,11,8
0,37,0,0,1,9,4,1,0,3,2,0,8834,1,0,13,4,1,6,3,7,7
0,52,1,1,0,6,2,4,0,3,1,0,5577,3,1,12,2,2,3,3,6,9
1,32,0,0,1,11,4,4,0,4,3,2,4707,8,0,12,4,0,2,3,1,2
0,24,2,0,1,24,3,4,0,3,4,2,2400,0,0,13,3,2,3,3,2,1
0,38,1,1,0,10,3,3,1,3,3,2,9824,3,0,19,3,1,4,3,0,0
0,37,1,1,0,1,4,2,1,3,2,2,6447,6,0,12,2,1,2,2,4,3
0,49,1,1,0,18,4,4,0,2,3,0,19502,1,1,17,3,1,5,3,0,9
0,24,1,1,0,23,3,2,0,4,4,2,2725,1,1,11,2,2,3,3,1,4
0,26,1,0,1,28,2,1,0,3,2,2,6272,1,0,20,4,2,5,4,1,4
0,24,1,1,0,17,2,4,0,2,2,2,2127,1,0,21,4,1,2,3,0,0
0,50,2,0,0,3,3,1,0,3,2,2,18200,1,0,11,3,1,2,3,10,7
0,25,1,0,1,13,1,2,0,3,3,2,2096,1,0,11,3,0,1,3,0,6
1,24,2,1,0,7,3,1,1,3,3,2,2886,1,1,16,4,1,4,3,1,2
1,30,2,0,1,12,4,2,0,2,1,2,2033,1,0,18,3,1,2,4,0,0
0,34,1,1,0,1,2,2,0,2,4,2,3622,1,1,13,4,1,3,3,1,3
1,31,1,0,1,13,4,2,0,3,1,0,4233,2,0,17,3,0,2,1,1,2
0,35,1,1,0,25,2,1,0,2,4,1,3681,4,0,14,4,0,3,3,0,2
0,31,1,0,1,6,4,1,0,4,4,0,5460,4,0,22,4,2,4,4,5,7
0,27,1,1,0,6,4,1,1,2,3,0,2187,0,0,12,3,2,5,2,0,3
0,37,1,0,1,2,3,4,0,3,3,2,9602,4,1,11,3,1,3,2,1,0
0,20,1,1,0,1,3,4,1,2,2,1,2836,1,0,13,4,0,0,4,0,0
0,42,1,1,0,2,4,3,1,3,4,2,4089,1,0,13,2,2,4,3,2,2
0,43,1,1,0,6,4,2,0,2,4,0,16627,4,1,14,3,1,3,2,0,0
0,38,1,1,0,1,1,3,1,3,1,1,2619,3,0,17,4,0,3,2,0,0
0,43,2,1,0,9,5,4,0,3,3,0,5679,3,1,13,2,1,3,3,4,7
0,48,1,1,0,1,4,4,1,2,1,2,15402,7,0,11,1,1,3,1,0,2
0,44,1,0,0,1,4,1,1,2,3,1,5985,4,0,11,2,0,1,4,0,2
0,34,1,0,1,14,3,3,1,3,3,0,2579,1,1,18,4,2,3,3,0,6
1,27,1,0,1,2,1,3,0,3,1,0,3041,0,0,11,2,1,3,3,0,2
0,21,1,0,1,22,1,3,0,3,3,1,3447,1,0,11,3,0,2,3,1,2
0,44,1,1,0,3,4,4,0,3,4,2,19513,4,1,12,1,1,2,4,0,1
0,22,1,1,0,6,1,1,0,3,3,2,2773,0,0,20,4,0,3,3,2,2
0,33,1,0,1,8,4,3,0,3,3,0,7104,0,0,12,4,0,3,3,1,2
0,32,1,1,0,9,4,1,1,3,4,2,6322,1,1,12,4,1,2,2,0,5
0,30,2,1,0,3,3,3,1,3,3,0,2083,1,0,20,3,1,2,3,0,0
0,53,1,0,1,1,1,4,1,3,1,1,8381,7,0,20,4,0,2,4,8,10
0,34,1,1,0,1,5,2,0,3,4,2,2691,1,0,12,4,1,4,2,8,8
1,45,2,0,1,26,4,1,1,3,1,2,4286,2,0,14,4,2,4,3,0,0
0,26,1,1,0,6,3,3,1,3,4,2,2659,1,1,13,3,1,2,3,0,2
0,37,1,1,0,3,3,3,0,3,3,2,9434,1,0,15,3,1,2,3,7,8
0,29,1,0,1,3,2,2,1,3,3,2,5561,1,0,14,1,1,5,2,1,2
0,35,1,1,0,6,4,2,0,1,4,1,6646,1,0,13,2,0,3,3,11,8
0,33,2,1,0,6,3,3,0,3,4,0,7725,3,0,23,3,1,2,1,4,7
0,54,1,0,0,19,4,3,0,3,2,2,10725,2,0,15,3,1,1,4,7,1
0,36,1,1,0,9,2,2,0,2,2,0,8847,2,1,11,3,1,2,3,0,2
0,27,1,1,0,3,4,1,0,2,4,1,2045,0,0,13,4,0,0,3,1,1
1,20,1,1,0,10,1,4,0,3,3,1,1009,1,1,11,4,0,5,3,1,1
1,33,2,1,0,3,3,1,0,3,1,1,3348,1,1,11,1,0,3,3,9,7
0,35,0,1,0,3,3,3,0,2,3,2,1281,1,0,18,3,2,3,3,0,0
0,23,1,1,0,4,3,1,0,4,1,2,2819,2,0,16,1,1,3,4,0,2
0,25,1,0,1,8,3,4,0,4,2,2,4851,0,0,22,3,1,4,3,1,2
0,38,1,0,1,7,4,4,1,2,4,1,4028,0,0,20,1,0,2,3,0,5
0,29,2,1,0,1,4,2,0,1,4,0,2720,1,0,18,4,1,5,3,2,8
0,48,1,0,1,2,1,2,0,4,2,2,8120,3,0,12,4,0,3,3,2,2
0,27,2,0,1,3,1,4,1,4,4,0,4647,1,1,20,2,2,3,3,0,4
0,37,1,1,0,10,2,4,0,4,4,1,4680,3,0,17,1,0,2,3,0,0
0,50,1,1,0,28,1,4,0,4,3,2,3221,1,1,11,3,3,3,3,3,8
0,34,1,1,0,9,3,4,1,2,2,1,8621,1,0,14,2,0,3,4,7,7
1,24,1,0,1,3,2,1,1,3,3,1,4577,9,0,14,1,0,3,3,2,0
0,39,1,1,0,2,4,4,1,2,3,1,4553,1,0,11,1,0,4,3,11,10
0,32,1,0,1,10,3,4,0,3,4,1,5396,1,0,12,4,0,2,2,0,8
1,50,2,0,1,8,2,2,0,3,3,2,6796,3,1,14,1,1,4,3,1,3
0,38,1,1,0,1,4,2,1,4,4,1,7625,0,0,13,3,0,4,2,1,8
0,27,1,1,0,1,2,3,1,3,1,2,7412,1,0,11,4,0,3,3,0,7
0,32,1,1,0,3,2,3,1,3,4,1,11159,3,0,15,4,0,6,3,7,7
0,47,1,0,1,14,4,4,0,3,1,1,4960,2,0,12,4,0,2,3,1,7
0,40,2,0,1,5,4,4,0,2,1,2,10475,5,1,21,3,1,2,3,1,12
0,53,1,1,0,7,3,3,0,4,3,2,14814,3,0,19,3,0,3,3,1,3
0,41,1,0,0,10,4,2,0,2,4,0,19141,3,0,15,2,3,2,2,12,6
0,60,1,0,1,16,4,1,0,3,1,1,5405,8,0,14,4,0,1,3,2,2
0,27,2,1,0,10,2,4,0,3,1,0,8793,1,0,21,3,2,4,2,1,7
0,41,1,0,0,1,3,4,0,2,3,2,19189,1,0,12,2,1,3,3,2,10
0,50,1,0,1,8,4,4,0,3,2,2,3875,7,0,15,4,1,2,3,2,2
1,28,1,1,0,1,2,1,1,1,2,1,2216,7,1,13,4,0,4,3,3,7
0,36,0,1,0,8,3,1,1,4,1,2,11713,9,0,14,1,1,2,3,0,5
0,38,1,1,0,1,3,3,1,3,3,1,7861,4,1,14,4,0,4,4,0,0
0,44,0,1,0,24,3,1,0,1,3,1,3708,2,0,14,3,0,5,3,1,4
0,47,2,0,1,3,3,4,1,3,3,0,13770,9,1,12,4,2,2,2,11,13
0,30,1,0,1,27,5,3,0,3,4,0,5304,7,0,23,4,1,2,2,7,7
0,29,1,0,1,10,3,3,0,3,3,1,2642,1,0,11,3,0,6,3,0,0
1,42,2,1,0,19,3,3,0,4,3,0,2759,6,1,12,4,0,2,3,2,2
0,43,2,0,1,15,3,4,0,2,4,2,6804,3,0,18,3,1,5,3,2,2
0,34,1,1,0,8,2,2,1,3,3,1,6142,3,0,11,4,0,2,3,4,3
0,23,1,1,0,9,1,2,0,3,1,2,2500,1,0,14,4,1,2,4,0,2
0,39,1,0,0,3,3,3,1,4,2,2,6389,9,0,15,3,1,3,1,3,6
0,56,1,1,0,9,3,3,0,3,4,2,11103,7,0,11,3,0,1,2,1,1
0,40,1,1,0,2,1,4,1,2,4,1,2342,0,1,20,4,0,2,2,2,3
0,27,1,1,0,7,3,4,1,2,1,1,6811,8,0,19,1,0,2,1,0,7
0,29,1,0,1,10,3,4,0,3,2,0,2297,1,0,14,4,2,2,3,2,2
0,53,1,1,0,6,3,4,0,3,4,1,2450,2,0,17,4,0,4,3,2,2
0,35,0,1,0,2,4,4,1,3,1,0,5093,2,0,11,1,1,2,4,0,0
0,32,2,1,0,24,4,1,0,3,4,2,5309,1,0,15,4,2,2,3,4,7
0,38,1,1,0,2,5,4,0,3,3,2,3057,6,1,13,2,1,0,1,0,1
0,34,1,1,0,8,5,2,1,3,1,0,5121,3,0,14,3,1,3,3,0,0
0,52,1,0,1,3,4,3,0,2,1,2,16856,1,0,11,1,0,3,4,1,16
1,33,1,1,0,1,4,4,0,3,4,1,2686,1,1,13,3,0,2,2,7,8
0,25,1,0,1,26,1,3,1,3,4,1,6180,1,0,23,2,0,5,2,1,4
0,45,1,0,1,2,2,2,0,1,3,1,6632,0,0,13,1,0,3,3,3,1
0,23,1,1,0,10,1,1,0,4,3,1,3505,1,0,18,4,0,3,3,0,2
1,47,2,0,1,27,2,2,1,4,3,1,6397,4,1,12,4,0,2,3,1,3
0,34,1,0,1,2,3,4,0,3,4,1,6274,1,0,22,3,0,5,3,1,4
1,55,1,1,0,2,3,4,0,3,1,2,19859,5,1,13,4,1,2,3,1,4
0,36,0,0,1,8,4,1,0,2,1,1,7587,1,0,15,2,0,1,3,0,9
0,52,0,1,0,19,4,4,0,3,4,2,4258,0,0,18,1,1,3,3,1,2
0,26,2,1,0,1,2,1,1,1,4,0,4364,3,0,14,1,1,2,3,2,0
0,29,1,1,0,27,3,2,1,3,3,2,4335,4,0,12,1,1,3,2,1,1
1,26,1,0,1,8,3,4,0,2,1,1,5326,6,0,17,3,0,2,2,1,2
0,34,1,1,0,1,4,2,1,4,4,1,3280,2,0,16,3,0,2,3,1,3
0,54,1,1,0,19,4,4,1,3,1,0,5485,9,1,11,2,2,4,3,1,4
0,27,2,0,1,8,1,3,0,3,4,2,4342,0,0,19,2,1,3,3,1,1
0,37,1,1,0,10,1,4,1,3,1,0,2782,0,1,13,2,2,3,2,4,3
0,38,2,1,0,2,4,1,1,4,1,1,5980,6,1,12,4,0,2,3,4,12
0,34,1,1,0,2,4,3,1,2,1,1,4381,1,0,11,3,0,3,3,1,3
0,35,1,0,1,8,4,1,1,3,4,2,2572,1,0,16,2,1,1,2,0,2
0,30,1,1,0,1,3,4,0,1,3,2,3833,3,0,21,3,2,2,3,0,2
0,40,2,1,0,2,2,3,1,4,2,2,4244,1,0,24,4,1,2,3,3,7
0,34,1,0,1,8,2,3,1,3,1,2,6500,5,0,17,2,1,1,3,1,2
0,42,2,1,0,8,3,2,0,3,4,0,18430,1,0,13,2,1,4,2,14,9
1,23,1,1,0,6,3,3,0,4,1,2,1601,1,1,21,3,2,2,3,0,0
0,24,0,1,0,9,3,3,0,2,2,0,2694,1,0,11,3,3,4,3,0,0
0,52,1,1,0,11,4,4,1,3,3,2,3149,8,0,20,2,1,3,3,1,4
0,50,1,1,0,2,3,3,0,3,3,2,17639,5,0,16,4,0,3,3,0,3
1,29,1,1,0,1,2,2,1,2,1,2,2319,1,1,11,4,1,1,3,0,0
0,33,1,1,0,7,3,3,0,3,3,2,11691,0,0,11,4,0,3,4,3,7
1,33,1,0,1,16,3,1,1,3,1,1,5324,5,0,15,3,0,3,3,0,2
0,47,1,1,0,2,2,3,1,3,4,2,16752,1,1,11,3,1,3,2,3,0
0,36,1,1,0,1,3,3,1,3,2,2,5228,0,0,15,1,1,2,3,0,5
0,29,1,1,0,23,2,3,0,4,3,2,2700,1,0,24,3,1,3,3,0,7
1,58,1,1,0,2,4,4,0,3,2,1,19246,7,1,12,4,0,2,3,13,8
0,35,1,1,0,1,4,4,1,4,3,1,2506,3,0,13,3,0,0,3,2,2
0,42,1,1,0,1,2,4,1,2,4,2,6062,9,1,13,4,1,4,3,0,2
1,28,1,1,0,2,4,3,0,3,3,1,4382,6,0,17,4,0,3,2,2,1
0,36,1,0,0,13,3,3,0,3,2,2,2143,4,0,13,2,1,2,3,0,4
0,32,1,1,0,4,3,3,1,2,3,2,6162,1,0,12,3,1,3,3,6,8
0,40,2,1,0,16,4,1,0,2,3,1,5094,6,0,14,4,0,6,3,0,0
0,30,1,1,0,2,3,3,1,2,4,1,6877,5,1,24,2,0,4,2,0,0
0,45,1,1,0,2,3,2,1,2,3,1,2274,1,0,14,4,0,3,3,0,0
0,42,1,1,0,29,3,2,0,3,2,2,4434,1,0,13,4,1,3,2,7,8
0,38,2,1,0,12,3,1,0,2,1,0,6288,2,0,15,3,1,3,2,1,2
0,34,2,1,0,16,4,3,1,2,4,1,2553,1,0,16,3,0,3,3,1,3
1,49,1,0,1,11,3,3,1,3,4,2,7654,1,0,18,1,2,3,4,7,7
1,55,1,0,1,2,1,3,0,3,4,1,5160,4,0,16,3,0,3,2,7,3
0,43,1,1,0,14,2,2,0,3,1,2,17159,6,0,24,3,1,3,3,1,0
0,27,1,1,0,5,1,3,0,2,4,0,12808,1,1,16,2,1,3,3,0,8
0,35,1,1,0,7,3,3,0,3,3,1,10221,3,0,21,2,0,3,4,1,6
0,28,1,0,1,2,4,2,1,3,2,2,4779,1,1,20,1,0,2,3,7,5
0,34,1,0,0,3,2,3,0,3,4,2,3737,0,0,19,3,1,1,1,0,2
1,26,2,1,0,5,2,3,1,2,3,2,2366,1,1,14,1,1,2,3,1,7
0,27,0,1,0,3,3,4,0,3,4,2,1706,1,0,11,3,3,6,2,0,0
0,51,1,0,1,26,4,1,1,3,3,2,16307,2,0,14,3,1,2,2,4,17
0,44,1,1,0,4,3,4,0,3,2,1,5933,9,0,12,4,0,2,2,2,3
0,25,1,1,0,2,1,1,0,4,1,1,3424,7,0,13,3,0,3,2,0,1
0,33,1,0,1,1,3,1,0,4,1,0,4037,1,0,22,1,1,5,3,0,8
0,35,1,1,0,27,1,3,1,2,1,1,2559,1,0,11,4,0,3,2,1,1
0,36,1,0,1,1,2,2,0,3,4,2,6201,1,1,14,4,1,1,2,4,11
0,32,1,0,1,13,4,2,0,3,4,0,4403,2,0,11,3,1,3,2,0,3
0,30,2,1,0,5,4,2,0,2,4,0,3761,9,0,12,2,1,3,2,0,3
0,53,1,0,1,7,2,1,1,2,4,2,10934,7,1,18,4,1,3,3,0,4
0,45,1,0,1,9,3,4,0,3,1,0,10761,4,1,12,3,1,2,3,0,2
0,32,1,1,0,8,2,3,1,4,3,2,5175,5,0,12,3,1,3,2,1,3
0,52,2,1,0,25,4,3,1,2,4,2,13826,3,0,22,3,0,3,3,0,0
0,37,1,0,1,16,4,4,0,2,3,0,6334,4,0,19,4,2,2,3,0,0
0,28,1,0,0,8,2,2,0,2,4,0,4936,1,0,13,4,1,6,3,0,4
0,22,1,1,0,1,2,4,0,2,4,2,4775,6,0,22,1,2,2,1,2,2
0,44,1,1,0,8,4,1,0,4,4,2,2818,2,1,24,3,1,2,2,0,2
0,42,2,1,0,2,1,2,0,3,4,1,2515,5,1,14,4,0,2,3,2,2
0,36,1,0,0,8,3,1,0,2,1,2,2342,0,0,21,3,0,3,3,0,3
0,25,1,0,1,3,1,3,0,3,1,2,4194,1,1,18,4,0,3,3,0,3
0,35,1,1,0,9,3,4,1,2,3,2,10685,1,1,20,2,1,2,3,5,15
1,35,2,1,0,25,4,4,1,3,2,0,2022,1,1,19,1,1,3,2,7,8
0,32,0,1,0,1,3,4,0,3,4,0,2314,0,0,12,2,1,2,3,0,2
0,25,1,0,1,4,1,3,0,2,1,2,4256,1,0,12,1,0,1,4,0,3
0,49,1,1,0,1,3,3,1,3,1,2,3580,2,0,16,2,1,2,3,0,2
0,24,0,1,0,4,1,1,0,2,4,2,3162,0,0,17,4,0,2,2,3,4
0,32,2,0,1,5,2,2,0,3,2,2,6524,1,0,14,4,1,3,3,5,3
0,38,1,0,1,9,3,2,0,2,2,2,2899,0,0,19,4,1,3,3,1,2
0,42,1,1,0,3,3,3,1,4,4,2,5231,2,1,13,2,1,1,2,1,3
0,31,1,1,0,11,4,4,0,3,4,2,2356,3,1,19,2,1,2,3,0,2
1,29,1,0,1,1,3,2,1,2,3,0,2800,6,1,19,3,3,3,3,0,2
0,53,1,0,1,8,3,1,0,3,4,2,11836,5,0,14,3,1,3,3,2,2
0,35,1,1,0,25,3,4,0,2,2,2,10903,3,0,16,1,0,2,3,4,8
0,37,2,0,1,21,2,3,1,3,4,2,2973,5,0,15,2,1,3,3,0,0
0,53,1,1,0,23,4,4,1,3,4,1,14275,6,0,18,3,0,0,3,3,8
0,43,2,1,0,1,3,4,1,3,4,2,5562,4,0,13,2,1,2,2,2,2
0,47,1,0,1,2,2,3,1,3,4,2,4537,0,1,22,1,1,2,3,7,7
0,37,0,0,1,19,2,1,0,3,2,1,7642,1,1,13,4,0,2,3,0,9
0,50,0,1,0,2,4,1,0,3,1,0,17924,1,0,11,4,1,3,3,14,7
0,39,1,0,0,2,3,4,1,2,4,2,5204,8,0,11,3,2,2,3,0,4
0,33,1,0,0,3,2,4,0,3,2,0,2277,3,1,11,3,1,4,4,0,3
1,32,1,1,0,25,4,1,0,3,4,1,2795,1,1,24,3,0,2,1,0,1
0,29,1,1,0,7,1,1,1,2,4,0,2532,6,0,14,3,3,5,3,0,3
0,44,1,1,0,9,2,2,0,3,1,2,2559,1,1,13,4,0,0,3,7,1
0,28,1,0,1,5,4,1,0,3,4,1,4908,1,0,14,2,0,3,3,0,2
1,58,2,1,0,2,1,4,0,2,4,0,2380,9,1,14,4,1,3,2,0,0
0,43,1,1,0,8,3,1,1,3,2,0,4765,4,0,21,3,1,2,4,0,0
1,20,1,0,1,2,3,3,1,2,3,1,2044,1,0,13,4,0,3,2,0,2
1,21,1,1,0,18,1,4,1,3,4,1,2693,1,0,19,1,0,3,2,0,0
0,36,1,1,0,14,1,3,0,3,4,2,6586,0,1,17,1,1,2,2,4,11
0,47,1,0,1,2,4,4,1,2,4,1,3294,1,1,18,1,0,3,2,1,2
1,22,1,1,0,3,1,2,1,3,3,2,4171,0,1,19,1,1,3,4,0,2
1,41,1,1,0,2,4,2,1,1,4,0,2778,4,1,13,3,1,1,2,1,0
0,28,1,1,0,9,3,3,1,3,3,0,2377,5,0,18,2,1,2,3,2,2
1,39,1,1,0,6,3,4,0,3,1,2,2404,7,1,21,4,0,2,1,2,2
0,27,1,1,0,4,3,2,1,3,3,1,2318,1,0,19,3,0,2,3,0,0
0,34,1,1,0,10,3,2,0,3,2,0,2008,1,0,14,2,2,3,3,1,0
0,42,1,0,1,14,2,3,1,2,3,1,6244,7,0,17,1,0,6,3,0,3
0,33,1,1,0,1,4,3,0,2,1,1,2799,3,1,11,2,0,1,3,0,2
0,58,1,1,0,5,3,3,1,2,2,0,10552,2,1,13,4,1,3,3,0,4
0,31,1,0,1,7,4,2,0,2,3,2,2329,3,0,15,2,0,2,4,5,2
0,35,1,1,0,21,1,4,1,3,4,2,4014,1,1,25,4,1,2,1,0,7
0,49,1,1,0,8,2,1,1,3,2,2,7403,4,0,11,3,1,3,2,1,7
0,48,1,1,0,20,4,4,0,3,3,2,2259,4,0,17,1,2,2,2,0,0
0,31,0,0,1,20,2,4,1,3,3,2,6932,1,0,13,4,1,2,2,0,0
0,36,1,1,0,7,4,2,0,3,4,1,4678,2,0,18,3,0,6,3,0,1
0,38,1,1,0,1,3,4,1,3,1,2,13582,1,0,13,2,1,3,3,5,11
0,32,0,1,0,1,3,3,1,2,2,2,2332,6,0,20,3,0,3,3,0,2
1,25,1,0,1,19,2,3,0,2,2,2,2413,1,1,18,3,3,2,3,0,0
0,40,1,0,1,10,4,1,0,2,2,0,9705,2,0,12,2,1,2,2,0,0
0,26,2,0,1,1,3,3,0,2,1,1,4294,1,0,12,2,0,2,3,0,7
0,41,1,1,0,6,3,4,0,3,1,1,4721,2,1,13,3,0,3,3,2,17
0,36,1,1,0,2,4,3,0,3,3,1,2519,4,0,21,3,0,6,3,3,9
1,19,1,0,1,21,3,4,0,2,2,1,2121,1,1,13,2,0,3,4,0,0
1,20,1,1,0,4,3,1,0,3,1,1,2973,1,0,19,2,0,2,3,0,0
0,31,1,1,0,12,3,4,1,3,4,2,5855,0,1,11,3,2,2,1,8,5
0,40,2,1,0,9,4,4,0,3,2,0,3617,8,1,14,4,1,2,3,0,0
0,32,1,1,0,3,4,3,1,3,1,2,6725,1,0,12,3,1,2,4,6,3
1,36,1,0,1,3,1,3,0,2,4,2,10325,1,1,11,1,1,6,3,3,7
0,33,1,1,0,1,3,2,1,2,4,1,6949,0,0,14,1,0,3,3,1,4
1,37,1,0,1,1,4,1,0,2,3,2,10609,5,0,11,3,0,2,1,11,7
0,45,0,1,0,4,2,3,0,3,2,2,4447,1,0,12,2,0,5,2,0,8
0,29,2,0,1,20,3,3,1,3,4,2,2157,1,0,15,2,1,5,3,0,2
0,35,1,0,1,18,3,3,1,3,3,2,4601,1,0,16,2,0,3,3,1,0
0,52,1,1,0,1,2,4,0,3,4,2,17099,2,0,15,2,1,2,2,7,8
1,58,1,1,0,2,3,4,0,3,3,1,2479,4,0,24,1,0,4,3,0,0
0,53,1,0,1,2,2,3,0,3,3,0,14852,6,0,13,3,1,3,4,15,2
0,30,1,0,1,8,2,3,0,3,3,0,7264,5,0,11,1,1,2,4,7,7
0,38,0,0,1,10,3,3,1,3,4,1,5666,1,1,13,2,0,1,3,1,3
0,35,1,0,1,3,4,4,0,3,4,0,7823,6,0,13,2,1,2,3,0,8
0,39,1,0,1,2,5,1,0,4,3,1,7880,0,0,18,4,0,3,3,0,7
1,40,0,0,1,24,3,2,1,4,2,1,13194,4,1,16,4,0,2,2,0,0
0,47,2,1,0,16,4,3,0,4,3,0,5067,1,1,19,3,0,3,4,2,7
0,36,0,0,1,8,4,1,0,3,4,0,5079,4,0,13,4,2,3,3,0,7
1,31,0,1,0,9,2,3,0,2,1,1,2321,0,1,22,1,0,0,3,1,2
0,33,0,0,1,17,3,4,0,3,3,1,17444,1,0,11,4,0,2,3,6,0
1,29,1,1,0,10,3,4,1,2,1,1,2404,6,1,20,3,0,5,3,0,0
0,33,1,1,0,13,1,2,1,3,4,1,3452,3,0,18,1,0,4,3,0,2
0,45,1,1,0,1,4,4,1,3,4,0,2270,3,0,14,4,2,2,3,0,2
0,50,1,1,0,1,2,4,0,3,4,0,17399,9,0,22,3,1,1,2,1,3
0,33,2,1,0,1,4,3,1,4,2,2,5488,1,1,13,1,1,2,3,1,2
0,41,2,1,0,9,3,1,0,3,3,0,19419,2,0,17,2,1,2,4,0,11
0,27,1,1,0,16,4,3,1,3,2,2,2811,9,0,14,2,1,2,3,2,2
0,45,0,1,0,23,2,4,0,3,1,2,3633,1,1,15,3,1,2,3,0,8
0,47,1,0,1,4,2,4,1,3,4,1,4163,1,1,17,3,0,0,3,0,7
1,30,1,1,0,22,3,1,1,3,3,2,2132,4,1,11,2,0,2,3,0,1
0,50,1,1,0,24,3,4,0,3,3,2,13973,3,1,18,4,1,2,3,1,5
0,38,2,1,0,10,1,3,0,3,3,2,2684,0,0,17,2,1,0,2,0,2
0,46,1,1,0,7,2,4,0,3,3,0,10845,6,0,13,2,1,3,3,0,7
0,24,1,1,0,17,1,4,1,2,3,0,4377,1,0,15,2,2,6,3,3,2
1,35,1,1,0,14,4,3,0,2,2,0,3743,1,1,24,4,1,2,1,0,2
0,31,2,1,0,1,1,3,1,3,1,2,4148,1,0,12,3,1,1,3,0,3
0,18,0,1,0,5,2,2,0,3,4,1,1051,1,0,15,4,0,2,3,0,0
0,54,1,1,0,17,3,3,1,3,3,2,10739,8,0,11,3,1,2,3,0,8
0,35,1,1,0,25,4,3,1,3,3,0,10388,1,1,11,3,1,3,2,10,1
0,30,1,1,0,8,2,2,1,4,1,2,11416,0,1,12,3,3,4,2,1,7
1,20,1,1,0,11,3,4,1,2,1,1,2600,1,1,15,1,0,2,3,0,0
1,30,2,1,0,5,3,2,1,3,2,1,2422,0,0,17,1,0,3,3,1,2
0,26,1,1,0,2,2,4,0,4,4,2,5472,1,0,12,2,0,2,3,1,3
0,22,1,1,0,8,1,2,0,1,1,2,2451,1,0,15,1,1,3,2,1,1
0,48,1,1,0,6,3,1,0,2,3,1,4240,2,0,13,4,0,0,3,2,2
0,48,1,1,0,4,4,3,0,2,3,1,10999,7,0,14,2,0,3,3,4,8
0,41,1,1,0,7,2,4,1,3,3,1,5003,6,0,14,2,0,6,3,2,1
0,39,1,1,0,1,1,4,1,2,4,2,12742,1,0,16,3,1,3,3,11,8
0,27,1,1,0,2,4,1,1,3,4,2,4227,0,0,18,2,1,2,3,2,2
0,35,1,1,0,10,3,2,0,3,4,0,3917,1,0,20,1,1,4,2,1,2
0,42,1,0,1,5,2,4,0,3,3,2,18303,6,0,13,2,0,3,4,0,0
0,50,1,1,0,9,3,1,0,3,4,2,2380,4,0,18,2,0,5,3,0,0
0,59,1,1,0,2,3,3,1,2,4,1,13726,3,1,13,1,0,4,3,4,3
1,37,1,1,0,11,2,1,1,1,2,2,4777,5,0,15,1,0,2,1,0,0
0,55,2,1,0,18,4,3,0,3,2,2,6385,3,1,14,4,2,3,3,6,7
0,41,0,1,0,7,1,2,1,1,3,0,19973,1,0,22,2,2,3,3,5,10
0,38,1,0,1,3,4,2,0,3,4,1,6861,8,1,12,3,0,1,3,0,0
1,26,0,0,1,29,2,2,0,1,1,1,4969,8,0,18,4,0,6,3,2,2
1,52,1,0,1,2,1,1,1,1,4,2,19845,1,0,15,4,1,3,3,6,9
0,44,1,0,1,28,3,4,1,4,4,2,13320,3,1,18,3,1,2,3,11,11
0,50,0,0,1,1,3,4,1,3,3,2,6347,0,0,12,1,1,3,3,0,13
1,36,1,1,0,16,4,3,1,4,1,1,2743,1,0,16,3,0,1,3,15,14
0,39,2,1,0,22,3,4,1,3,1,1,10880,1,1,13,3,0,2,3,2,8
0,33,0,0,1,8,1,2,1,2,4,1,2342,0,0,19,4,0,2,2,2,2
0,45,1,0,1,11,2,4,1,3,4,2,17650,3,0,13,2,1,4,4,1,1
0,32,0,1,0,29,4,4,1,3,3,1,4025,9,0,12,2,0,2,3,7,7
0,34,1,0,1,1,4,2,0,4,4,0,9725,0,0,11,4,1,2,2,0,9
0,59,1,0,1,1,2,2,0,3,4,2,11904,3,1,14,3,1,1,1,0,4
0,45,1,0,0,24,4,2,0,3,2,1,2177,1,0,16,1,0,3,3,0,4
0,53,2,0,1,2,3,3,1,2,2,2,7525,2,0,12,1,1,2,3,6,12
1,36,1,1,0,15,3,1,0,3,3,0,4834,7,0,14,2,1,3,2,0,0
1,26,2,1,0,2,3,1,0,3,1,2,2042,6,1,14,2,1,2,3,1,2
0,34,1,0,1,10,4,3,1,3,3,2,2220,1,1,19,4,1,2,3,0,0
0,28,1,0,1,10,1,4,0,3,2,2,1052,1,0,22,2,0,5,3,0,0
0,38,2,1,0,3,4,3,0,3,3,2,2821,3,0,16,1,1,2,3,2,2
0,50,1,1,0,2,4,2,0,3,3,2,19237,2,1,11,4,1,2,2,7,7
0,37,1,1,0,3,3,4,1,3,2,1,4107,3,0,15,1,0,3,2,0,1
0,40,1,0,1,26,3,3,0,3,1,2,8396,1,0,14,2,1,3,2,7,5
0,26,2,1,0,1,1,1,1,2,3,0,2007,1,0,13,3,2,5,3,1,3
0,46,1,1,0,1,4,4,0,3,4,0,19627,9,0,17,4,2,0,3,2,2
0,54,1,0,1,2,4,3,1,2,3,2,10686,6,0,11,2,1,4,3,7,0
0,56,2,1,0,9,3,1,1,3,3,2,2942,2,0,19,2,1,4,3,0,3
0,36,1,1,0,12,5,4,1,2,4,1,8858,0,0,11,2,0,2,2,7,8
0,55,0,1,0,2,1,3,0,2,1,1,16756,7,0,15,2,0,3,4,6,2
0,43,1,0,1,25,3,3,0,2,4,0,10798,5,0,13,3,1,5,3,0,0
1,20,2,0,1,9,3,4,1,3,4,1,2323,1,1,14,2,0,3,3,0,2
1,21,1,1,0,10,3,3,1,2,1,1,1416,1,0,13,1,0,6,2,1,0
0,46,1,1,0,8,4,4,1,2,1,0,4615,8,1,23,1,3,2,3,1,7
1,51,1,1,0,4,4,1,0,3,3,2,2461,9,1,12,3,3,2,4,2,7
1,28,0,1,0,24,2,2,0,2,1,1,8722,1,0,12,1,0,2,2,1,9
0,26,1,1,0,1,2,1,0,2,1,2,3955,1,0,16,1,2,2,3,1,3
0,30,1,1,0,20,3,3,0,3,1,2,9957,0,0,15,3,1,1,2,0,2
0,41,1,1,0,7,2,2,1,4,3,2,3376,1,0,13,3,0,3,3,0,8
0,38,1,1,0,17,1,3,1,2,3,2,8823,0,0,18,1,1,4,2,1,9
0,40,1,1,0,20,4,1,0,3,4,2,10322,4,0,20,4,1,6,3,11,1
0,27,0,1,0,8,5,1,0,1,3,2,4621,1,0,19,4,3,4,3,1,2
0,55,2,1,0,2,1,4,0,3,2,2,10976,3,0,18,2,1,4,3,1,2
0,28,1,1,0,10,3,3,1,3,3,1,3660,3,0,13,4,0,4,4,1,7
1,44,1,0,0,1,2,2,0,2,1,2,10482,9,0,14,4,1,1,3,3,6
0,33,1,1,0,5,3,4,0,2,4,0,7119,4,0,15,3,1,2,3,1,2
1,35,1,0,1,4,3,4,0,3,1,1,9582,0,1,22,1,0,2,3,4,7
1,33,2,1,0,29,4,1,1,2,3,1,4508,1,0,22,2,0,4,3,3,8
0,28,1,1,0,15,2,1,0,3,3,0,2207,1,0,16,4,1,5,2,2,2
0,34,2,1,0,3,1,1,0,3,4,1,7756,0,0,17,3,0,1,2,0,4
0,37,1,0,1,10,4,4,1,2,4,0,6694,2,1,14,3,3,5,3,0,0
1,25,1,1,0,4,1,4,0,3,4,2,3691,1,1,15,2,1,3,4,5,6
1,26,1,1,0,21,3,1,0,3,3,0,2377,1,0,20,3,1,0,2,0,0
1,33,1,1,0,25,3,1,0,2,2,1,2313,4,1,20,2,0,0,3,2,2
0,42,1,1,0,2,2,4,0,3,1,2,17665,0,0,17,4,1,3,3,13,7
1,28,2,1,0,1,3,1,0,2,2,0,2596,1,0,15,1,2,2,3,0,0
1,50,2,0,1,1,4,4,0,3,3,1,4728,3,1,14,4,0,4,3,0,0
0,33,2,0,1,7,3,4,1,3,2,2,4302,0,0,17,3,1,3,3,0,2
0,34,0,1,0,3,4,3,0,2,4,2,2979,3,0,17,4,3,2,3,0,0
0,48,0,1,0,1,4,1,0,4,4,1,16885,2,0,22,3,0,3,2,2,1
0,45,0,0,1,9,4,2,1,2,3,2,5593,1,0,13,4,1,2,3,4,12
0,52,1,1,0,7,4,2,0,3,2,1,10445,7,0,19,4,0,4,3,4,0
0,38,1,0,1,10,4,3,0,2,3,0,8740,0,1,14,2,2,2,3,2,7
0,29,1,1,0,28,4,3,1,3,4,0,2514,4,0,22,1,1,1,3,1,7
0,28,1,1,0,3,3,4,1,3,2,0,7655,0,0,17,2,3,3,2,1,7
0,46,1,0,1,3,1,1,0,3,3,2,17465,3,0,12,4,1,3,3,4,9
0,38,1,0,1,2,2,4,0,3,2,1,7351,7,0,16,3,0,2,3,0,0
0,43,2,1,0,27,3,3,1,3,1,2,10820,8,0,11,3,1,1,3,0,1
1,39,2,1,0,2,3,1,0,3,4,0,12169,7,0,11,4,3,4,3,11,5
0,40,1,1,0,14,3,3,0,2,3,1,19626,1,0,14,1,0,2,4,4,9
0,21,1,1,0,1,1,4,1,2,2,1,2070,1,1,11,3,0,6,4,2,2
0,39,0,1,0,9,3,3,0,3,2,1,6782,9,0,15,3,0,2,2,0,3
0,36,0,1,0,18,4,1,0,3,4,1,7779,2,0,20,1,0,0,3,0,9
0,31,2,0,1,20,3,3,0,4,4,2,2791,0,0,12,1,1,4,3,2,2
0,28,1,1,0,2,1,1,0,2,2,2,3201,0,0,17,1,0,2,1,0,4
0,35,2,0,1,11,2,4,0,3,4,0,4968,1,0,11,4,1,3,3,0,2
0,49,1,0,1,8,4,4,0,2,2,2,13120,6,0,17,2,1,3,3,2,3
0,34,2,1,0,2,2,4,0,3,3,1,4033,2,0,11,4,0,3,2,0,2
0,29,2,1,0,10,3,4,1,3,2,0,3291,0,0,14,4,2,2,2,1,1
0,42,1,1,0,29,3,2,0,1,4,1,4272,4,0,19,1,0,3,3,0,0
0,29,1,1,0,8,1,2,0,2,4,2,5056,1,1,15,3,1,2,2,1,2
0,38,1,0,0,1,3,3,0,4,3,2,2844,1,0,13,4,1,2,4,5,0
0,28,2,1,0,6,3,3,0,2,3,0,2703,1,1,14,4,1,2,3,0,2
1,18,0,1,0,8,1,3,0,3,3,1,1904,1,0,12,4,0,0,3,0,0
1,33,1,0,1,9,4,1,1,3,1,1,8224,0,1,17,1,0,3,3,0,3
0,41,1,1,0,12,4,2,0,3,4,2,4766,3,1,11,1,1,4,3,0,0
1,31,2,1,0,15,3,3,0,3,3,2,2610,1,0,12,3,1,5,2,2,2
0,37,1,1,0,25,2,3,1,2,4,0,5731,7,0,13,3,2,2,3,1,3
0,27,1,1,0,6,3,4,0,2,3,2,2539,1,0,13,3,1,0,3,2,2
0,34,1,0,1,9,1,2,1,3,3,2,5714,1,0,20,1,0,3,2,1,3
0,35,1,0,0,8,4,3,0,3,3,1,4323,1,0,17,2,0,2,1,1,4
1,29,1,0,1,23,1,4,1,2,1,2,7336,1,0,13,1,1,3,1,3,10
0,40,2,1,0,9,4,2,1,3,3,1,13499,9,0,17,3,0,3,2,2,13
1,42,2,0,1,12,3,3,0,3,1,1,13758,0,1,12,2,0,2,2,13,14
0,42,1,0,1,4,4,2,0,3,1,1,5155,7,0,13,4,0,3,4,1,5
0,35,1,1,0,1,4,4,0,2,3,2,2258,6,0,12,2,1,2,3,1,7
0,24,1,1,0,24,3,4,0,3,2,1,3597,8,0,22,4,0,2,3,1,2
1,28,1,1,0,12,1,3,1,3,4,2,2515,1,1,11,4,0,4,2,0,0
0,26,1,1,0,3,4,1,0,4,4,2,4420,1,0,22,2,1,2,3,0,7
0,30,1,0,1,10,3,3,0,2,3,2,6578,1,0,18,1,1,3,3,1,4
0,40,2,1,0,26,2,3,1,2,4,2,4422,3,1,13,4,1,3,1,0,0
0,35,1,1,0,2,3,3,0,2,2,0,10274,2,0,18,2,1,2,4,6,4
0,34,2,1,0,1,3,4,0,2,1,1,5343,0,0,20,3,0,3,3,4,9
0,35,2,1,0,4,4,4,0,2,4,2,2376,1,0,13,2,1,2,4,2,2
1,43,1,0,1,9,3,1,1,1,3,1,5346,8,0,13,2,0,2,2,1,3
0,32,0,0,1,2,1,3,1,3,1,0,2827,1,0,12,3,3,3,3,0,0
0,56,1,1,0,4,4,4,1,3,1,0,19943,4,0,13,4,1,2,3,4,2
0,29,1,1,0,6,1,2,1,3,4,2,3131,1,0,13,1,1,5,3,0,8
0,19,1,1,0,9,2,3,0,3,1,1,2552,1,0,25,3,0,4,3,0,0
0,45,1,1,0,7,3,1,1,3,3,2,4477,4,1,19,3,1,2,2,0,2
0,37,1,1,0,1,3,4,1,2,4,2,6474,1,0,13,2,1,2,2,3,11
0,20,1,1,0,3,3,1,0,2,3,1,3033,1,0,12,1,0,2,2,1,2
1,44,1,1,0,10,4,3,0,3,3,1,2936,1,1,11,3,0,4,3,0,2
0,53,1,1,0,7,2,4,1,3,3,0,18606,3,0,18,2,1,6,3,4,7
0,29,1,1,0,15,1,2,1,1,4,2,2168,0,1,18,1,1,2,2,1,3
1,22,2,1,0,3,4,3,0,2,4,2,2853,0,1,11,2,1,5,3,0,0
0,46,1,0,1,2,3,3,1,3,1,2,17048,8,0,23,1,0,2,3,15,9
0,44,0,1,0,17,3,4,0,1,3,1,2290,2,0,13,4,0,3,3,0,0
0,33,1,0,0,2,3,2,0,3,3,2,3600,1,0,13,4,1,2,3,1,4
1,41,0,1,0,5,2,1,0,2,1,0,2107,6,0,17,1,1,2,1,0,0
0,30,1,0,1,29,4,3,0,3,1,0,4115,8,0,19,3,3,3,3,0,3
0,40,2,0,1,2,4,2,0,3,2,2,4327,5,0,12,4,3,2,3,0,0
0,50,2,1,0,2,3,4,1,3,1,2,17856,2,0,22,3,1,3,3,2,2
0,28,1,1,0,19,4,4,0,2,1,2,3196,1,0,12,3,3,2,3,3,3
0,46,1,1,0,15,2,4,0,3,2,2,19081,5,0,11,1,1,2,3,0,3
0,35,1,0,1,17,4,3,0,3,1,2,8966,3,1,15,4,3,2,3,1,7
1,24,1,1,0,17,2,4,1,3,2,2,2210,1,0,13,1,1,3,1,0,0
0,33,2,0,1,25,3,2,1,3,3,2,4539,1,0,12,1,1,3,2,0,1
0,36,1,1,0,6,4,3,0,1,3,0,2741,1,0,14,3,1,4,3,1,7
0,30,1,1,0,7,4,3,0,3,3,0,3491,1,0,13,1,3,4,2,8,9
0,44,1,1,0,29,4,4,0,3,4,1,4541,1,0,25,2,0,3,3,13,17
0,20,1,0,1,21,3,3,0,4,4,1,2678,1,0,17,4,0,2,3,2,2
0,46,1,1,0,2,4,4,0,3,4,0,7379,2,0,11,3,1,3,2,1,4
0,42,0,0,0,2,5,4,0,4,1,2,6272,7,0,16,1,1,3,4,0,3
0,60,1,0,1,7,4,2,0,4,4,0,5220,0,1,18,2,1,3,3,1,9
0,32,2,1,0,13,3,3,1,2,2,2,2743,1,0,20,3,1,2,3,2,2
0,32,2,1,0,2,2,4,1,3,3,1,4998,4,1,14,4,0,2,3,0,7
0,36,1,1,0,1,3,3,1,1,1,0,10252,2,1,21,3,1,2,3,7,7
0,33,1,1,0,9,3,1,0,3,4,2,2781,0,0,13,2,1,5,3,4,10
0,40,1,0,1,10,3,2,1,2,2,0,6852,7,0,12,2,1,2,4,1,3
0,25,1,0,1,10,4,3,0,3,4,1,4950,0,0,14,2,0,4,3,1,1
0,30,1,1,0,1,3,4,0,3,2,2,3579,0,1,21,1,1,2,3,5,7
0,42,2,1,0,26,5,1,1,3,1,2,13191,3,1,17,3,0,6,3,0,0
0,35,0,0,1,8,2,3,1,2,4,2,10377,4,1,11,2,1,6,2,4,12
0,27,1,1,0,14,3,1,0,3,1,2,2235,1,1,14,4,2,3,2,6,8
0,54,2,1,0,1,4,4,1,3,3,0,10502,7,0,17,1,1,2,1,1,4
0,44,1,1,0,2,1,1,1,4,4,2,2011,1,0,13,4,1,5,3,7,7
1,19,0,1,0,10,3,1,1,2,2,1,1859,1,1,25,2,0,2,4,0,0
0,29,1,1,0,1,3,1,1,3,4,0,3760,1,0,15,1,3,5,3,1,2
0,54,1,1,0,3,3,4,0,3,4,2,17779,3,0,14,1,0,2,3,0,9
0,31,1,1,0,11,2,3,0,3,1,2,6833,1,1,12,4,0,2,2,0,1
0,31,1,1,0,24,3,3,1,2,1,1,6812,1,0,19,2,0,2,3,1,8
0,59,1,0,1,3,3,3,1,2,4,1,5171,5,0,17,4,0,2,3,0,5
0,43,1,1,0,3,3,3,0,1,4,2,19740,3,0,14,2,1,2,3,0,7
0,49,1,1,0,4,2,1,0,2,3,2,18711,2,0,13,3,1,2,4,0,0
0,36,2,1,0,3,3,3,0,3,2,2,3692,1,0,12,3,0,2,2,0,7
0,48,1,1,0,2,2,4,0,4,2,1,2559,5,0,11,3,0,4,2,0,0
0,27,1,1,0,4,2,1,0,3,3,0,2517,1,0,11,2,3,2,3,0,3
0,29,1,1,0,7,3,3,0,3,4,0,6623,1,1,11,2,2,2,3,1,0
0,48,1,1,0,1,3,4,0,2,4,1,18265,6,0,12,3,0,3,4,0,0
0,29,1,1,0,1,3,4,1,2,4,0,16124,3,0,14,2,2,2,2,1,7
0,34,1,1,0,20,3,3,1,4,3,2,2585,0,0,17,4,0,5,2,0,0
0,44,1,0,1,5,3,2,0,3,2,2,18213,7,0,11,3,1,5,3,3,10
0,33,1,0,1,10,5,4,0,4,3,0,8380,0,1,14,4,2,3,3,0,8
0,19,1,1,0,25,3,2,1,4,4,1,2994,1,1,12,4,0,2,3,0,1
0,23,1,1,0,1,2,4,0,3,3,2,1223,1,0,22,4,1,2,3,0,1
1,25,2,0,1,24,1,3,0,1,4,1,1118,1,1,14,4,0,4,3,1,0
0,26,1,1,0,4,2,3,0,3,4,1,2875,1,1,20,2,0,2,2,2,2
1,45,1,0,1,2,3,1,1,1,2,1,18824,2,1,16,1,0,2,3,1,11
0,55,0,1,0,8,1,4,0,2,2,0,13577,1,1,15,4,1,3,3,15,0
1,21,2,1,0,10,2,1,1,2,3,1,2625,1,0,20,3,0,2,1,2,2
0,46,1,0,1,4,2,4,1,2,2,2,18789,2,0,14,3,1,2,3,0,8
0,34,1,0,1,2,3,3,1,3,1,1,4538,0,1,12,4,0,3,3,0,2
0,51,2,0,1,9,3,4,0,3,2,0,19847,4,1,24,1,1,5,2,11,10
0,59,1,1,0,18,4,4,0,3,4,1,10512,6,0,12,4,0,6,2,5,4
0,34,2,1,0,19,3,3,1,3,2,0,4444,4,0,13,3,2,2,4,5,10
0,28,2,1,0,1,4,4,0,3,3,1,2154,0,1,11,3,0,2,2,0,2
0,44,1,1,0,4,2,3,0,4,1,0,19190,1,0,14,4,2,4,2,14,13
0,34,2,0,0,11,3,3,0,2,2,2,4490,4,0,11,4,2,5,4,1,8
0,35,1,1,0,6,1,3,0,3,3,2,3506,0,1,14,4,0,3,3,2,2
0,42,1,1,0,7,4,2,1,4,2,2,2372,6,1,16,4,0,2,3,0,0
0,43,1,0,1,4,4,4,1,2,4,1,10231,3,0,14,4,0,3,4,15,17
0,36,1,1,0,2,4,3,1,3,2,1,5410,9,1,11,4,0,2,3,5,12
1,44,1,1,0,15,3,1,1,3,4,2,7978,1,0,11,4,1,2,3,0,5
0,28,2,1,0,2,3,4,0,2,4,2,3867,1,1,12,2,1,2,3,2,2
0,51,2,1,0,6,2,2,1,2,3,1,2838,0,0,14,2,0,6,2,7,7
0,30,0,1,0,9,2,3,1,3,3,1,4695,7,1,18,3,0,3,3,1,7
1,29,1,1,0,7,3,2,1,3,3,0,3339,3,1,13,1,2,2,3,7,7
0,28,1,1,0,1,3,4,0,3,1,1,2080,2,0,11,2,0,2,2,1,2
0,25,1,1,0,1,3,4,1,3,2,1,2096,1,0,18,4,0,3,2,2,1
0,32,1,0,1,8,3,3,0,4,4,2,6209,1,0,15,3,2,4,4,0,8
0,45,2,1,0,25,3,2,1,3,2,1,18061,3,0,22,3,0,4,3,0,0
0,39,1,1,0,13,4,3,1,2,2,0,17123,6,1,13,4,2,4,3,15,2
0,58,1,1,0,23,4,1,0,3,3,0,2372,1,0,12,4,2,3,3,2,2
1,32,1,1,0,7,2,4,0,3,3,2,4883,1,0,18,1,1,3,3,1,1
1,39,1,1,0,23,3,3,0,3,1,1,3904,0,0,13,1,0,2,3,0,3
0,30,1,1,0,6,3,1,1,2,4,2,4627,0,0,12,1,1,6,3,6,7
0,36,1,1,0,10,4,4,1,3,3,2,7094,3,0,12,1,0,0,3,1,7
0,46,1,0,0,1,2,4,1,3,1,1,3423,6,0,12,3,0,3,4,5,7
0,28,0,1,0,1,3,3,1,1,4,2,6674,0,0,11,1,3,6,3,7,5
0,50,1,1,0,28,3,4,1,3,1,2,16880,4,1,11,2,0,2,3,1,2
1,40,1,0,1,25,4,4,0,2,2,1,9094,2,1,12,3,0,2,3,1,0
1,52,1,0,1,5,3,2,0,3,2,1,8446,9,1,19,3,0,2,2,7,7
0,30,1,1,0,17,4,2,1,3,1,2,11916,1,1,23,4,2,2,3,0,8
0,39,1,1,0,18,2,1,0,3,3,1,4534,0,0,11,1,0,6,3,1,7
0,31,0,0,1,2,4,4,1,3,3,0,9852,1,1,19,1,1,5,2,9,6
0,41,0,0,1,10,2,3,0,1,2,1,6151,1,0,13,1,0,4,3,11,9
1,31,2,0,1,1,3,4,1,3,2,1,2302,1,1,11,1,0,2,4,2,2
1,44,1,1,0,3,3,1,0,3,1,2,2362,4,0,12,3,0,4,4,1,2
0,42,0,1,0,2,1,3,0,3,3,2,17861,0,1,13,4,0,3,2,2,10
0,55,1,1,0,2,2,4,1,1,3,2,19187,4,0,14,4,1,5,3,9,11
0,56,1,0,0,8,4,4,0,3,2,1,19717,6,0,14,1,0,4,3,7,7
0,40,0,1,0,16,2,3,0,3,3,0,3544,9,0,16,2,1,0,3,0,0
0,34,1,1,0,9,3,4,0,3,4,0,8500,0,0,11,4,1,0,2,1,6
0,40,1,1,0,2,3,3,0,3,4,1,4661,1,0,13,3,0,4,3,8,8
0,41,2,0,1,1,3,3,1,3,1,0,4103,0,0,17,4,1,2,3,1,7
0,35,2,1,0,4,4,3,0,3,3,1,4249,1,1,11,2,0,3,3,1,1
0,51,1,0,0,5,3,3,0,3,2,0,14026,1,1,11,2,1,2,3,0,10
0,38,1,0,1,2,2,2,1,3,1,0,6893,3,0,15,4,1,3,3,1,7
0,34,1,0,1,15,2,3,1,3,1,1,6125,1,0,12,4,0,6,4,9,6
0,25,1,1,0,19,1,4,0,3,4,2,3669,3,0,11,3,3,6,2,1,2
1,58,1,1,0,7,4,3,1,2,1,2,10008,7,1,14,4,0,0,2,5,9
0,40,1,1,0,1,4,2,0,3,2,2,2387,3,0,22,3,1,3,3,0,3
0,36,2,0,1,7,3,1,1,4,1,2,4639,2,0,16,4,1,2,2,6,13
0,48,1,1,0,4,3,4,0,3,4,1,7898,1,0,11,3,0,2,3,0,8
0,27,1,0,1,11,3,3,1,4,4,2,2534,8,0,14,2,1,4,3,0,0
0,51,1,1,0,11,2,4,1,2,2,1,13142,3,0,16,2,0,1,2,0,3
0,18,0,1,0,1,3,4,1,3,4,1,1611,1,0,15,3,0,5,4,0,0
0,35,1,1,0,1,3,4,1,2,4,2,5363,0,0,12,2,1,0,3,0,0
0,27,2,0,1,2,1,4,0,1,4,1,5071,3,0,20,2,0,3,3,0,0
1,55,1,0,1,13,4,1,0,4,3,1,13695,6,1,17,3,0,2,2,3,8
0,56,1,1,0,23,3,4,0,3,2,2,13402,4,1,12,1,1,0,3,15,9
0,34,0,1,0,26,1,1,1,2,3,0,2029,1,0,20,3,3,2,3,0,0
0,40,1,1,0,2,1,2,1,4,3,0,6377,5,0,20,2,3,0,3,11,8
0,34,1,1,0,29,3,2,0,3,3,2,5429,4,0,13,1,2,1,3,7,7
1,31,2,0,1,2,3,3,1,2,4,1,2785,7,0,14,3,0,3,4,0,0
1,35,2,0,1,18,4,4,1,3,3,2,4614,0,1,18,3,1,0,2,3,2
0,38,2,1,0,7,3,4,0,4,3,0,2610,1,0,11,4,3,2,3,0,3
0,34,1,1,0,2,4,3,1,3,4,1,6687,1,0,11,4,0,2,4,4,11
0,28,1,0,1,26,3,3,0,2,1,2,4724,1,0,11,3,1,0,3,0,4
1,31,1,1,0,22,4,4,0,3,3,2,6179,1,1,15,4,2,3,2,6,7
0,39,1,0,1,21,4,1,0,2,4,2,6120,3,1,12,4,2,2,4,1,4
0,51,2,0,1,2,3,2,0,3,2,2,10596,2,0,11,2,0,5,3,3,2
0,41,2,1,0,22,3,4,1,3,4,0,5467,3,1,14,1,2,4,2,3,3
0,37,1,1,0,4,1,3,0,3,3,2,2996,7,1,15,4,0,2,3,1,3
0,33,2,0,1,5,1,2,0,3,4,2,9998,6,0,13,1,0,2,4,1,2
0,32,1,0,1,2,1,3,0,3,2,2,4078,0,1,13,1,3,3,2,1,2
0,39,0,1,0,25,2,3,0,3,3,2,10920,3,0,21,2,1,2,3,0,5
0,25,1,0,1,18,1,1,0,4,3,2,6232,2,0,11,2,0,3,2,1,2
0,52,2,1,0,28,2,4,1,4,3,2,13247,2,1,11,2,1,3,2,0,2
0,43,1,1,0,6,3,1,1,2,3,1,4081,1,1,14,1,0,3,1,1,8
0,27,1,0,1,10,3,4,1,2,4,2,5769,1,1,11,4,0,3,3,4,4
1,27,1,1,0,17,4,4,1,3,3,1,2394,1,1,13,4,0,2,3,7,7
0,26,1,1,0,2,1,1,0,2,4,1,3904,0,0,12,4,0,2,3,1,1
0,42,1,0,0,10,3,3,1,3,1,2,16799,0,0,14,3,1,5,3,0,9
0,52,1,1,0,8,4,3,1,3,1,2,2950,9,0,13,3,0,2,1,0,4
0,37,1,1,0,11,3,1,1,3,3,1,3629,4,0,18,1,0,6,3,0,2
0,35,2,1,0,18,2,3,0,3,4,1,9362,2,0,11,3,0,2,3,2,2
0,25,1,1,0,1,3,1,0,3,4,2,3229,4,0,11,2,1,2,2,0,2
0,26,1,1,0,7,3,3,0,4,1,1,3578,0,0,12,4,0,2,3,0,7
0,29,1,0,0,17,3,2,0,2,1,1,7988,1,0,13,1,0,3,2,0,9
1,49,2,1,0,28,2,1,0,2,1,1,4284,3,0,20,1,0,2,3,1,3
1,29,2,1,0,14,1,3,1,3,4,1,7553,0,1,12,1,0,1,3,7,7
0,54,1,1,0,1,3,4,1,3,4,1,17328,6,0,19,4,0,3,2,12,7
0,58,1,1,0,1,3,4,1,3,1,2,19701,3,1,21,3,1,3,3,1,5
0,55,1,1,0,1,4,2,0,4,4,0,14732,2,0,13,4,2,4,4,0,0
0,36,1,0,1,3,4,1,1,3,2,1,9278,3,1,16,4,0,3,3,0,1
1,31,2,0,1,1,4,2,1,1,3,1,1359,1,0,12,2,0,3,3,0,0
0,30,1,0,1,7,4,4,1,3,1,0,4779,7,0,14,2,2,3,3,0,2
0,31,1,1,0,8,5,1,1,3,2,1,16422,3,0,11,3,0,3,4,1,0
0,34,2,1,0,1,4,4,0,3,1,0,2996,5,0,14,3,2,2,3,1,3
1,31,1,1,0,8,3,1,1,2,2,1,1261,1,0,12,3,0,3,4,0,0
0,27,1,1,0,11,1,2,0,3,1,2,2099,0,0,14,2,0,3,4,1,4
0,36,1,1,0,4,4,1,0,2,4,1,5810,1,0,16,3,0,2,2,1,8
0,36,1,0,1,16,4,3,1,2,1,2,5647,4,0,13,1,2,3,2,0,2
0,47,1,1,0,1,3,1,0,3,4,2,3420,7,0,12,3,1,2,2,1,2
1,25,1,0,1,9,2,1,0,2,1,2,4400,3,0,12,1,0,2,3,2,2
0,37,0,1,0,5,2,3,0,4,3,1,3500,0,0,14,1,0,2,1,1,3
0,56,1,1,0,1,2,1,1,3,1,2,2066,2,0,22,4,1,3,4,1,0
0,47,1,1,0,2,4,1,1,3,3,2,17169,3,0,19,2,2,2,4,5,6
0,24,1,0,1,4,1,4,1,3,3,2,4162,1,1,12,3,2,3,3,0,3
0,32,1,0,1,7,5,4,0,3,4,2,9204,4,0,12,3,1,3,2,0,3
0,34,1,1,0,1,3,4,1,2,2,2,3294,5,0,17,1,1,2,2,0,2
0,41,1,1,0,5,5,2,0,4,3,2,2127,2,1,12,1,0,5,2,0,3
0,40,0,1,0,9,4,3,0,3,3,0,3975,3,0,11,3,2,2,4,0,7
0,31,1,0,1,8,2,1,0,3,4,0,10793,1,0,18,1,1,5,3,9,9
1,46,1,0,1,9,3,1,0,3,4,0,10096,4,0,11,1,1,1,4,4,3
1,39,0,1,0,2,3,1,1,2,1,1,3646,2,1,23,2,0,2,4,0,0
1,31,2,1,0,1,5,3,1,4,2,1,7446,1,0,11,1,0,2,3,4,7
0,45,1,1,0,20,3,2,0,1,1,0,10851,2,1,18,2,1,2,3,0,7
0,31,1,0,0,8,2,4,1,4,2,1,2109,9,0,18,4,0,3,3,0,2
1,31,2,1,0,2,3,2,0,3,4,2,3722,6,1,13,3,1,2,1,2,2
0,45,1,1,0,29,3,2,0,3,4,2,9380,4,1,18,4,2,4,4,1,2
0,48,1,0,1,7,3,3,0,3,1,0,5486,4,0,11,1,3,3,3,2,2
1,34,1,0,0,9,4,1,1,3,3,2,2742,1,0,15,4,0,0,3,2,2
0,40,0,1,0,8,1,4,0,2,2,0,13757,2,0,11,3,1,5,3,4,8
0,28,1,0,1,5,3,4,0,3,1,1,8463,0,0,18,4,0,4,3,1,3
0,44,0,1,0,5,3,3,0,2,3,1,3162,3,0,14,4,0,5,3,0,3
0,53,1,1,0,2,3,4,0,4,2,1,16598,4,0,12,2,0,2,2,8,8
0,49,1,1,0,5,4,1,0,3,3,2,6651,2,0,14,2,1,0,2,1,2
0,40,1,1,0,2,3,3,0,3,3,0,2345,2,0,14,3,1,3,4,1,2
0,44,1,1,0,20,3,4,0,3,2,1,3420,1,0,13,3,0,3,2,1,3
0,33,2,0,1,7,3,4,0,3,1,2,4373,0,0,14,1,2,2,3,0,3
0,34,1,0,1,3,3,4,0,1,1,1,4759,3,0,18,4,0,2,3,3,12
0,30,1,0,1,16,1,4,0,3,3,2,5301,8,0,15,3,2,2,2,2,2
0,42,2,1,0,9,2,1,1,3,4,1,3673,1,0,13,3,0,3,3,5,8
0,44,2,0,1,1,5,1,1,3,3,2,4768,7,0,12,3,1,4,2,0,0
0,30,0,1,0,7,3,3,0,3,3,0,1274,1,0,13,2,2,2,2,0,0
0,57,1,1,0,1,2,2,0,4,3,2,4900,0,0,24,1,1,2,2,2,8
0,49,1,1,0,7,4,3,0,3,2,0,10466,3,0,14,2,2,3,3,0,7
0,34,2,1,0,15,3,2,0,3,1,0,17007,7,0,14,4,2,3,2,6,9
1,28,2,0,1,1,3,1,0,3,3,2,2909,3,0,15,4,1,3,4,1,2
1,29,2,0,1,13,3,1,1,3,2,1,5765,5,0,11,1,0,4,1,0,0
1,34,1,0,1,24,4,1,1,2,2,1,4599,0,1,23,3,0,2,4,10,10
0,35,1,0,1,7,1,4,0,3,3,2,2404,1,0,13,1,1,3,3,0,0
1,24,2,1,0,9,3,2,0,3,1,1,3172,2,1,11,3,0,2,2,0,0
0,24,0,0,1,13,2,4,1,3,2,2,2033,1,0,13,3,1,2,3,0,0
0,44,2,1,0,2,1,2,0,3,3,1,10209,5,1,18,2,0,2,2,2,2
0,29,1,0,1,19,3,3,0,2,3,0,8620,1,0,14,3,2,3,3,0,4
0,30,1,0,0,1,3,3,0,3,3,0,2064,0,0,21,1,1,3,4,1,3
0,55,1,1,0,4,4,4,0,3,3,2,4035,0,1,16,2,0,2,3,1,2
0,33,1,1,0,4,4,1,1,2,2,2,3838,8,0,11,4,0,5,3,0,2
0,47,1,0,1,14,3,3,1,3,3,2,4591,3,1,17,3,1,4,2,1,2
1,28,2,1,0,2,2,3,0,2,1,1,2561,7,0,11,3,0,2,2,0,0
0,28,1,1,0,1,3,1,0,2,3,0,1563,1,0,14,4,1,2,1,0,0
0,28,2,0,1,7,3,3,0,3,1,1,4898,0,0,14,4,0,5,3,1,3
0,49,1,1,0,3,2,3,1,2,1,2,4789,4,0,25,1,1,3,3,1,2
0,29,2,1,0,2,1,4,1,3,2,2,3180,0,0,13,3,3,3,3,0,2
0,28,1,1,0,29,1,3,0,1,2,2,6549,1,0,14,2,2,2,2,1,7
0,33,1,1,0,8,5,4,0,3,3,1,6388,2,1,17,1,0,6,3,0,0
0,32,1,1,0,10,3,3,0,3,4,1,11244,2,0,25,2,0,5,4,0,0
0,54,2,1,0,11,4,2,1,3,4,0,16032,3,0,20,1,1,2,3,1,12
1,29,1,1,0,1,4,1,0,2,1,1,2362,6,0,13,3,0,2,1,0,7
0,44,1,1,0,28,3,4,0,3,1,2,16328,3,0,13,3,1,1,4,14,17
0,39,1,1,0,6,3,2,1,3,2,1,8376,4,0,18,4,0,3,3,2,2
0,46,1,0,1,3,3,3,1,3,2,2,16606,8,0,12,4,1,2,4,5,1
0,35,1,1,0,16,3,4,1,2,2,1,8606,1,0,19,4,0,3,1,3,3
0,23,1,1,0,20,1,1,0,3,3,1,2272,0,0,14,2,0,2,3,1,2
1,40,1,1,0,9,4,4,0,3,1,1,2018,3,0,14,2,0,3,1,1,0
0,34,1,0,1,1,3,4,0,2,3,2,7083,1,1,14,4,0,3,3,8,6
1,31,2,1,0,3,3,4,1,3,3,1,4084,1,0,12,1,0,2,1,7,7
0,50,2,1,0,22,5,3,0,1,4,1,14411,1,1,13,4,0,2,3,13,9
0,34,1,0,1,7,2,2,0,3,3,2,2308,0,1,25,2,1,4,3,5,7
0,42,1,1,0,2,3,3,0,2,2,2,4841,4,0,14,2,1,3,3,0,0
0,37,1,1,0,13,3,1,0,3,4,2,4285,1,0,17,1,0,2,3,3,7
0,29,1,1,0,8,1,3,1,1,1,2,9715,3,0,13,3,1,3,3,0,7
0,33,1,1,0,25,3,4,0,2,2,1,4320,1,0,13,4,0,2,3,0,2
0,45,1,1,0,28,3,4,0,3,4,2,2132,4,0,20,4,1,3,3,0,3
0,42,2,1,0,2,3,4,0,3,4,2,10124,2,1,14,3,1,3,1,13,9
0,40,1,0,1,9,2,1,0,3,1,2,5473,0,0,12,4,0,5,4,7,1
0,33,1,1,0,28,4,2,0,3,3,2,5207,1,1,12,2,1,3,3,5,7
0,40,1,0,0,6,2,3,0,3,4,1,16437,1,1,21,4,0,2,3,7,7
0,24,1,1,0,21,2,3,0,2,1,0,2296,0,0,14,2,3,3,3,0,0
0,40,0,1,0,8,2,4,0,3,4,0,4069,3,1,18,3,0,2,3,2,2
0,45,1,1,0,1,4,1,0,3,2,0,7441,1,0,12,1,3,4,3,7,7
0,35,1,0,1,28,4,2,1,2,3,2,2430,0,0,23,1,2,5,3,4,2
0,32,1,1,0,5,2,4,1,2,2,2,5878,3,0,12,1,1,2,3,2,5
0,36,1,0,1,2,4,3,0,3,4,1,2644,3,1,21,4,0,3,2,1,2
0,48,1,0,1,16,4,3,1,3,3,0,6439,8,0,14,3,1,2,3,7,7
0,29,1,1,0,9,3,3,0,4,3,2,2451,6,0,18,1,2,2,2,0,0
0,33,1,0,1,8,4,1,0,3,1,2,6392,2,0,13,4,1,6,1,2,2
1,30,1,0,1,1,3,2,0,2,1,2,9714,1,0,11,4,1,4,3,6,7
0,38,2,0,0,10,4,3,0,3,3,2,6077,3,0,11,3,0,2,3,1,2
0,35,1,1,0,1,3,4,0,2,1,1,2450,1,0,19,2,0,3,3,1,2
0,30,1,0,1,29,4,3,0,3,2,2,9250,3,0,12,2,1,3,3,1,3
1,35,1,1,0,2,3,1,1,3,1,0,2074,1,1,12,4,1,2,3,0,0
1,53,1,1,0,2,5,3,1,2,4,2,10169,0,0,16,2,1,4,3,1,9
1,38,1,1,0,2,3,3,0,3,2,2,4855,4,0,11,1,2,2,3,1,4
0,32,0,1,0,1,4,4,0,3,1,2,4087,4,0,14,2,1,3,2,1,2
0,48,1,1,0,15,4,3,1,3,1,2,2367,8,0,12,4,1,3,2,7,6
0,34,1,1,0,7,4,1,0,3,4,1,2972,1,0,13,3,0,4,1,0,0
0,55,1,0,1,26,5,3,0,2,4,2,19586,1,0,21,3,1,3,3,2,13
0,34,1,1,0,1,4,2,0,3,4,2,5484,9,0,17,2,1,3,2,2,1
0,26,1,1,0,3,3,1,1,3,4,2,2061,1,0,21,1,0,5,3,0,0
0,38,1,0,1,14,3,3,0,3,2,2,9924,0,0,11,4,1,3,3,7,7
0,38,1,0,1,16,3,2,1,3,2,1,4198,2,0,12,2,0,5,4,1,2
0,36,1,0,1,1,4,2,1,3,3,1,6815,6,0,13,1,0,5,3,0,0
0,29,1,1,0,3,1,2,0,3,1,1,4723,1,1,18,4,0,3,3,1,5
0,35,1,1,0,10,4,1,1,3,3,1,6142,3,1,16,3,0,4,3,0,4
0,39,1,0,1,6,3,4,0,4,3,2,8237,2,0,11,1,1,3,3,7,6
0,29,2,1,0,2,1,1,0,3,4,0,8853,1,0,19,4,1,0,4,1,3
0,50,1,0,1,9,3,3,0,3,3,2,19331,4,1,16,3,1,2,3,0,0
0,23,1,1,0,10,3,4,0,4,3,2,2073,2,0,16,4,1,2,3,2,2
0,36,2,1,0,6,4,1,0,4,1,2,5562,3,1,13,4,1,3,3,0,2
0,42,1,1,0,9,2,4,0,2,4,1,19613,8,0,22,4,0,2,3,0,1
0,35,1,1,0,28,3,2,0,4,3,2,3407,1,0,17,4,2,3,2,6,8
0,34,2,1,0,10,4,4,0,2,3,2,5063,1,0,14,2,1,3,2,7,7
0,40,1,0,1,14,2,4,1,3,1,2,4639,1,0,15,3,1,2,3,1,2
0,43,1,1,0,27,3,4,0,4,2,0,4876,5,0,12,3,1,0,3,0,2
0,35,1,1,0,7,2,3,0,2,4,2,2690,1,0,18,4,1,5,2,0,1
0,46,1,0,1,1,4,4,0,4,1,1,17567,1,0,15,2,0,5,1,0,12
1,28,1,1,0,24,3,3,0,3,2,2,2408,1,1,17,3,3,3,3,0,0
0,22,0,1,0,26,2,2,1,2,3,2,2814,1,1,14,2,0,2,2,1,3
0,50,2,1,0,20,5,2,0,3,3,2,11245,2,1,15,3,1,3,3,12,13
0,32,1,1,0,5,4,2,1,4,4,2,3312,3,0,17,4,2,3,3,0,2
0,44,1,1,0,7,3,2,1,3,4,0,19049,0,1,14,4,1,4,2,1,10
0,30,1,1,0,7,3,2,0,2,2,2,2141,1,0,12,2,1,3,2,1,1
0,45,1,1,0,5,5,3,1,1,1,1,5769,1,1,14,1,0,3,3,1,4
0,45,0,0,1,26,3,1,0,2,1,2,4385,1,0,15,1,1,2,3,4,5
0,31,2,0,1,2,4,4,0,3,1,1,5332,7,0,13,4,0,3,3,0,3
0,36,1,1,0,12,4,3,1,3,3,2,4663,9,1,12,2,2,2,3,1,1
0,34,2,1,0,10,4,3,0,4,4,0,4724,1,0,13,1,1,3,3,7,2
0,49,1,1,0,25,4,3,1,3,1,2,3211,1,0,14,4,1,3,2,1,4
0,39,1,1,0,10,5,2,0,3,1,2,5377,2,0,13,4,3,3,3,7,7
0,27,1,1,0,19,3,4,0,2,1,0,4066,1,0,11,1,2,3,3,0,7
0,35,1,1,0,18,5,2,0,4,1,2,5208,1,0,11,4,0,2,3,1,10
0,28,1,1,0,27,3,2,1,1,1,0,4877,0,0,21,2,1,5,2,0,0
0,21,1,1,0,5,1,3,0,3,4,1,3117,1,0,18,3,0,2,3,2,2
1,18,2,0,1,3,2,2,1,3,4,1,1569,1,1,12,3,0,2,4,0,0
0,47,1,0,0,26,4,4,1,3,3,2,19658,3,0,11,3,1,2,3,1,0
0,39,1,1,0,3,2,3,0,2,3,0,3069,0,0,15,4,1,3,3,0,7
0,40,1,1,0,15,3,1,1,2,3,2,10435,1,0,13,4,2,2,3,14,12
0,35,0,1,0,8,4,3,1,3,3,2,4148,1,0,12,4,1,5,3,2,9
0,37,1,1,0,19,3,3,0,3,3,2,5768,3,0,17,1,3,2,2,0,2
0,39,2,1,0,4,3,1,1,3,3,1,5042,0,0,13,4,0,2,1,3,8
0,45,1,1,0,2,2,4,1,2,4,0,5770,1,0,19,1,2,3,3,3,9
0,38,1,1,0,2,2,4,1,2,3,2,7756,3,1,19,4,1,6,4,0,2
1,35,1,0,1,10,3,4,0,2,1,2,10306,9,0,17,3,0,3,3,6,0
0,37,1,1,0,10,3,2,1,3,2,2,3936,1,0,11,1,1,2,1,7,7
0,40,1,1,0,16,3,3,1,3,4,1,7945,6,1,15,4,0,2,2,3,3
0,44,2,0,0,1,5,1,0,3,4,2,5743,4,1,11,3,0,3,3,0,2
0,48,2,1,0,4,5,3,0,2,4,2,15202,2,0,25,2,1,3,3,2,2
1,35,1,0,1,15,2,1,0,1,4,0,5440,6,1,14,4,2,2,2,2,2
0,24,2,1,0,2,1,1,1,3,4,1,3760,1,1,13,3,0,2,3,1,3
0,27,1,1,0,8,3,2,1,4,3,2,3517,7,0,17,1,0,0,3,0,2
0,27,2,1,0,2,3,4,0,3,4,1,2580,2,0,13,3,0,0,2,1,2
1,40,1,1,0,7,3,1,0,3,1,1,2166,3,1,14,2,0,3,1,0,3
0,29,1,0,1,10,3,3,0,2,3,1,5869,9,0,11,3,0,2,3,1,4
0,36,1,1,0,5,4,2,1,3,1,2,8008,4,0,12,3,2,6,3,0,2
0,25,2,1,0,2,1,4,0,4,3,0,5206,1,0,17,3,2,6,3,0,7
0,39,1,1,0,12,3,4,0,3,2,2,5295,4,0,21,3,0,3,3,1,0
0,49,1,1,0,22,4,1,1,3,2,2,16413,3,0,16,2,2,2,3,1,2
0,50,1,1,0,17,5,4,1,2,1,0,13269,5,0,15,3,3,3,3,1,11
0,20,1,0,1,2,3,3,1,3,3,1,2783,1,0,19,1,0,3,3,2,2
0,34,1,1,0,3,3,4,1,3,2,0,5433,1,0,12,3,1,2,3,7,9
0,36,1,1,0,7,3,1,0,3,2,1,2013,2,0,11,3,0,4,3,1,3
0,49,1,1,0,6,1,3,1,2,3,2,13966,2,1,19,2,1,3,3,2,12
0,36,0,1,0,1,4,4,1,2,3,2,4374,0,0,15,3,0,6,3,1,2
0,36,1,1,0,3,2,4,0,4,1,0,6842,6,0,20,1,1,3,3,0,4
0,54,1,1,0,22,5,2,1,3,3,2,17426,3,0,25,3,1,6,3,4,7
0,43,1,1,0,15,2,3,0,2,3,2,17603,1,0,24,1,1,3,3,6,11
1,35,2,0,1,12,4,4,0,3,4,1,4581,3,1,24,1,0,2,4,6,7
0,38,2,1,0,1,3,4,0,3,4,2,4735,7,0,15,4,2,4,4,2,9
0,29,1,0,1,5,3,1,0,2,2,0,4187,1,1,13,2,1,3,2,0,9
0,33,1,0,1,2,4,4,0,3,4,0,5505,1,0,14,3,2,5,3,0,4
0,32,1,1,0,2,3,4,0,3,2,0,5470,0,0,13,3,2,4,2,1,6
0,31,1,0,1,5,4,1,1,3,4,2,5476,1,0,11,1,2,2,3,0,2
0,49,1,1,0,16,3,4,1,3,1,0,2587,4,1,16,2,1,2,2,2,2
0,38,2,1,0,2,3,4,1,2,2,1,2440,1,0,22,2,0,3,3,3,3
0,47,1,0,1,2,4,2,1,4,2,0,15972,6,0,14,3,3,2,3,1,2
0,49,1,1,0,1,3,3,0,3,3,1,15379,4,0,14,1,0,2,3,0,0
0,41,1,0,1,23,2,4,0,3,3,1,7082,3,1,16,4,0,2,3,0,2
0,20,1,0,1,9,1,4,0,3,1,1,2728,1,0,11,1,0,3,3,0,2
0,33,0,0,1,16,3,3,1,3,4,0,5368,1,1,25,3,1,2,3,1,2
0,36,1,1,0,26,4,1,0,3,3,2,5347,6,0,14,2,2,2,2,0,2
0,44,1,0,0,1,3,3,1,3,4,0,3195,4,1,18,1,3,2,3,2,2
1,23,1,1,0,8,1,4,0,2,3,1,3989,1,1,11,1,0,2,3,1,2
0,38,1,1,0,4,2,4,1,3,3,2,3306,7,0,19,4,1,5,2,0,0
0,53,1,1,0,24,4,2,0,4,4,2,7005,3,0,15,3,0,2,3,1,2
1,48,2,0,1,7,2,4,1,3,3,2,2655,2,1,11,3,2,3,3,7,7
1,32,1,1,0,2,4,4,0,3,2,1,1393,1,0,12,1,0,2,3,0,0
0,26,0,1,0,7,3,4,0,3,4,1,2570,1,0,20,3,0,5,3,5,7
0,55,1,1,0,22,3,1,0,2,2,0,3537,5,0,12,4,1,1,3,1,2
0,34,1,1,0,5,2,2,0,2,4,2,3986,1,0,14,3,1,3,4,4,13
0,60,1,1,0,1,4,3,0,1,4,0,10883,3,0,20,3,1,2,4,0,0
0,33,1,1,0,21,3,2,0,4,2,2,2028,1,0,18,4,3,6,3,2,13
0,37,2,0,1,1,4,3,0,1,4,0,9525,1,0,14,3,2,2,2,1,3
0,34,1,1,0,19,3,2,1,2,4,2,2929,1,0,12,2,0,3,3,8,7
1,23,1,0,1,7,3,3,0,3,4,0,2275,1,1,21,2,1,2,3,0,2
0,44,1,1,0,2,3,3,1,4,4,2,7879,1,1,19,2,1,2,3,6,7
0,35,2,1,0,2,4,1,0,2,4,1,4930,0,1,14,3,0,2,4,1,4
0,43,1,0,1,2,3,4,0,3,4,2,7847,1,1,17,1,1,3,3,8,8
0,24,1,1,0,9,3,3,0,4,3,2,4401,1,0,16,4,1,1,3,0,4
0,41,1,0,1,6,3,4,0,3,3,1,9241,1,0,12,2,0,3,3,8,7
0,29,1,1,0,9,4,4,1,3,3,2,2974,9,0,17,3,1,2,3,1,2
0,36,1,0,1,2,4,3,1,3,4,1,4502,3,0,15,3,0,2,2,6,7
0,45,0,1,0,1,1,3,0,2,3,2,10748,3,0,23,4,1,3,2,14,4
1,24,1,0,0,22,1,4,0,1,3,2,1555,1,0,11,3,1,2,3,0,0
1,47,2,0,1,9,3,3,0,1,3,2,12936,7,0,11,3,0,3,1,14,10
0,26,1,1,0,17,4,4,0,1,3,2,2305,1,0,15,3,3,3,4,0,2
0,45,1,1,0,28,2,4,1,2,2,1,16704,1,0,11,3,0,2,3,8,6
0,32,2,1,0,10,3,1,0,3,3,2,3433,6,0,13,1,1,3,2,1,3
0,31,1,1,0,2,4,2,0,3,3,2,3477,1,0,14,4,1,2,4,0,3
0,41,0,0,0,4,3,3,0,1,2,2,6430,6,0,19,2,1,4,3,1,2
0,40,1,1,0,8,2,2,1,3,1,2,6516,2,1,16,2,1,3,3,0,0
0,24,1,1,0,29,1,2,0,3,1,0,3907,1,0,13,2,3,2,4,1,2
0,46,1,1,0,13,4,3,0,3,2,1,5562,6,0,14,4,0,3,3,0,9
0,35,1,1,0,27,4,4,0,3,3,2,6883,2,0,16,2,1,3,3,0,7
0,30,1,1,0,16,1,2,0,3,4,2,2862,1,0,12,2,1,2,2,0,8
0,47,0,0,1,2,4,3,0,3,2,2,4978,7,0,11,4,1,3,1,0,0
0,46,1,0,1,2,3,3,0,3,4,0,10368,4,1,12,2,1,5,2,0,3
1,36,1,0,1,13,5,2,0,2,1,0,6134,5,1,13,2,3,3,3,2,2
1,32,1,0,1,1,2,1,0,1,2,1,6735,6,0,15,2,0,2,3,0,0
0,23,1,1,0,4,1,3,1,3,2,1,3295,1,0,13,3,0,3,1,1,2
0,31,2,1,0,24,1,4,1,3,4,1,5238,2,0,20,4,0,3,2,1,4
0,39,0,1,0,1,3,4,0,3,4,2,6472,1,1,15,4,1,2,3,5,8
0,32,1,0,1,19,3,4,0,1,3,2,9610,3,0,13,3,1,2,1,0,2
0,40,1,0,1,7,4,2,0,3,2,1,19833,1,0,14,2,0,3,2,12,8
0,45,1,0,0,4,3,3,1,1,3,2,9756,4,0,21,3,2,2,4,0,3
0,30,2,1,0,2,4,4,1,2,1,1,4968,0,0,16,4,0,2,3,0,7
0,24,2,0,0,10,3,1,0,3,4,2,2145,0,0,14,4,1,2,3,2,1
1,30,2,0,0,8,3,3,1,2,4,0,2180,6,0,11,3,1,0,2,1,2
0,31,1,0,1,5,3,1,0,3,3,2,8346,1,0,19,3,1,3,3,0,2
0,27,1,1,0,8,3,3,1,3,4,1,3445,1,0,11,3,0,5,2,1,4
1,29,1,0,1,9,3,2,1,1,2,1,2760,1,0,13,3,0,3,3,2,2
0,29,2,1,0,1,3,4,0,4,3,1,6294,8,1,12,4,0,5,4,0,2
0,30,1,0,1,15,2,3,0,2,1,0,7140,2,0,11,1,1,2,3,1,7
0,34,1,1,0,2,4,4,0,4,4,2,2932,0,1,14,1,3,3,3,1,2
0,33,0,0,1,2,3,4,1,3,2,1,5147,8,0,15,4,0,2,2,1,7
0,49,1,0,1,11,4,4,1,3,4,1,4507,3,0,12,3,0,1,4,0,4
1,33,1,0,1,16,3,1,1,3,1,1,8564,2,1,20,3,0,2,2,0,0
0,38,2,1,0,2,2,3,1,2,2,2,2468,4,0,14,2,1,4,2,0,5
1,31,1,0,1,16,4,1,0,3,3,2,8161,2,0,13,1,3,2,3,0,0
0,29,1,1,0,4,3,4,1,2,1,0,2109,1,0,13,3,1,2,3,0,0
0,30,1,1,0,16,3,3,0,4,3,2,5294,3,0,16,3,1,3,3,1,7
0,32,0,1,0,5,4,2,0,3,2,1,2718,2,0,14,2,0,3,3,0,7
0,38,1,1,0,18,3,2,0,1,4,2,5811,3,1,16,3,1,2,3,1,0
1,43,2,1,0,17,3,3,0,2,3,2,2437,9,1,16,4,1,4,3,0,0
0,42,1,1,0,12,3,2,0,3,2,0,2766,8,0,22,2,3,6,2,0,4
0,55,1,1,0,2,3,3,0,2,1,2,19038,8,0,12,2,3,2,3,0,0
0,33,0,1,0,4,3,4,0,3,2,0,3055,5,0,15,4,2,2,2,1,7
0,41,1,1,0,9,4,3,0,3,1,0,2289,1,0,20,2,2,2,3,0,4
0,34,0,0,1,10,3,4,0,3,3,0,4001,1,1,14,3,1,3,3,0,7
0,53,0,1,0,1,4,1,1,2,3,2,12965,4,1,20,4,3,2,2,0,2
0,43,1,0,0,2,3,2,0,3,4,1,3539,0,0,13,2,0,5,3,1,8
0,34,1,0,1,3,2,4,1,1,4,1,6029,5,0,12,1,0,3,3,2,2
1,21,1,0,1,7,1,2,0,3,2,1,2679,1,0,13,2,0,3,3,1,0
0,38,1,1,0,6,2,4,1,2,3,2,3702,1,0,11,2,1,3,3,0,4
1,22,1,1,0,8,1,3,1,3,1,2,2398,1,1,17,3,0,6,3,0,0
0,31,1,0,1,29,4,1,1,2,4,2,5468,1,0,14,1,2,3,3,5,7
0,51,1,1,0,3,3,1,1,3,3,2,13116,2,0,11,4,0,2,3,2,2
0,37,1,0,1,9,2,2,0,2,2,2,4189,1,0,14,1,2,2,3,0,3
0,46,1,1,0,2,4,3,0,3,4,0,19328,7,1,17,3,1,3,3,2,2
0,36,1,1,0,10,3,4,0,3,1,2,8321,7,1,13,4,1,1,3,5,7
1,44,2,1,0,1,2,3,0,3,2,0,2342,1,1,12,3,3,2,2,2,3
0,37,1,0,0,8,2,3,0,3,2,0,4071,2,0,13,3,0,4,2,4,7
1,35,1,0,1,27,3,3,0,3,4,1,5813,1,1,18,4,0,2,3,7,7
0,33,1,1,0,8,4,4,0,4,1,2,3143,6,0,19,2,1,1,3,7,6
0,28,1,1,0,1,3,3,0,3,4,2,2044,1,0,11,3,1,6,4,0,3
0,39,1,1,0,10,1,3,0,3,3,1,13464,7,0,21,3,0,3,3,2,2
0,46,0,0,1,26,2,2,0,2,2,1,7991,8,0,15,3,0,3,3,2,2
0,40,1,1,0,2,2,3,1,3,1,2,3377,4,0,17,4,1,5,2,0,2
0,42,1,1,0,13,3,2,0,4,1,2,5538,5,0,18,3,2,2,2,0,0
0,35,0,1,0,2,2,2,0,3,4,0,5762,2,0,14,3,1,6,3,1,7
0,38,0,0,0,2,3,1,0,3,2,0,2592,5,0,13,4,3,3,3,3,8
1,34,2,1,0,9,4,4,0,3,1,2,5346,4,0,17,3,1,3,2,0,7
1,37,1,1,0,10,4,4,0,3,1,1,4213,1,0,15,2,0,4,1,0,8
0,39,2,0,1,20,3,3,0,3,4,0,4127,2,0,18,4,1,6,3,2,2
0,43,0,1,0,9,3,1,0,3,3,1,2438,4,0,13,3,0,2,2,1,2
0,41,1,1,0,5,3,2,0,4,2,1,6870,3,0,12,1,0,3,1,1,2
0,41,1,0,1,4,1,3,1,3,3,0,10447,0,1,13,4,1,3,4,13,5
0,30,1,1,0,10,3,1,1,3,3,1,9667,9,0,14,2,0,3,3,0,2
1,26,1,0,0,20,2,4,1,3,2,2,2148,0,1,11,3,0,3,3,1,4
1,46,1,1,0,21,2,4,1,3,2,2,8926,4,0,22,4,1,2,4,3,7
0,40,1,1,0,1,3,3,1,3,4,0,6513,4,0,17,4,1,3,3,0,3
0,34,1,0,1,8,2,2,0,4,3,2,6799,1,0,21,3,2,5,3,4,8
0,58,0,0,1,2,3,2,0,3,2,0,16291,4,0,22,4,1,0,2,14,14
0,35,1,1,0,23,4,2,0,1,3,2,2705,0,0,16,2,1,2,4,0,3
0,47,1,1,0,4,3,3,1,2,2,0,10333,8,1,12,3,1,4,3,14,10
0,40,1,1,0,12,3,2,1,3,1,0,4448,2,0,12,2,1,3,3,7,7
0,54,1,1,0,7,4,4,1,3,4,2,6854,4,0,15,2,1,2,2,1,7
0,31,2,0,1,7,4,1,1,3,1,2,9637,2,0,14,4,2,3,3,2,2
0,28,1,1,0,1,3,3,1,3,1,2,3591,1,0,25,3,1,3,3,1,2
0,38,1,0,1,2,4,2,1,1,4,2,5405,2,1,20,1,2,4,2,0,3
0,26,1,0,1,10,3,3,0,3,4,1,4684,1,0,13,1,0,4,3,1,2
0,58,2,1,0,15,4,1,0,3,3,2,15787,2,1,14,2,0,3,3,2,2
0,18,0,1,0,14,3,2,1,3,3,1,1514,1,0,16,3,0,4,1,0,0
1,31,1,0,0,18,5,4,0,4,1,2,2956,0,0,17,3,0,4,3,0,0
1,29,1,0,0,13,3,1,0,2,1,0,2335,4,1,15,4,3,3,3,2,0
0,45,0,0,1,2,4,3,1,3,3,2,5154,4,0,22,2,2,3,4,5,7
0,36,1,1,0,2,4,4,1,3,2,2,6962,4,1,22,4,1,2,3,0,0
0,43,2,0,1,2,4,1,0,3,4,2,5675,1,0,20,3,1,5,3,7,7
0,27,2,1,0,5,2,4,1,3,4,1,2379,0,1,14,3,0,3,2,0,2
0,29,2,1,0,20,1,4,0,3,4,2,3812,1,0,13,2,0,3,4,3,10
0,32,2,0,1,10,4,4,0,3,4,1,4648,8,0,13,3,0,2,4,0,0
0,42,0,1,0,10,4,3,0,3,3,2,2936,3,0,22,2,2,1,2,3,3
0,47,1,1,0,9,4,2,1,3,3,1,2105,4,0,12,3,0,2,3,2,0
0,46,1,1,0,2,2,4,0,3,4,0,8578,3,0,14,3,1,4,2,4,7
0,28,0,0,0,1,2,3,0,3,4,0,2706,1,0,15,2,1,2,3,2,2
0,29,1,1,0,29,1,4,0,1,3,0,6384,8,0,17,4,2,3,3,1,6
0,42,1,1,0,8,3,4,0,3,3,1,3968,4,0,13,4,0,3,3,0,0
1,32,1,0,1,2,4,3,0,2,2,1,9907,7,1,12,3,0,3,2,2,2
0,46,1,0,1,3,3,1,1,4,1,0,13225,2,0,12,4,1,5,3,2,8
0,27,1,0,1,23,1,2,1,2,3,2,3540,1,0,21,4,1,5,3,5,8
0,29,1,0,0,6,1,4,0,2,2,2,2804,1,0,11,4,0,3,3,0,0
0,43,1,1,0,6,3,1,1,2,3,2,19392,7,0,13,4,0,2,3,6,14
0,48,1,1,0,10,3,4,0,2,2,2,19665,4,0,12,4,0,3,3,12,9
1,29,2,1,0,24,2,4,0,2,4,1,2439,1,1,24,2,0,3,2,1,0
1,46,1,0,1,10,3,3,1,3,2,2,7314,5,0,21,3,3,2,3,0,7
0,27,2,1,0,15,3,4,1,2,1,2,4774,0,0,19,4,1,2,2,7,3
0,39,1,1,0,19,4,4,0,3,4,0,3902,8,0,14,2,3,2,3,2,2
0,55,1,1,0,2,4,2,0,2,4,2,2662,8,0,20,2,1,2,4,0,4
0,28,1,0,1,3,3,2,1,3,2,2,2856,1,0,19,4,1,3,3,0,0
1,30,1,0,1,9,3,2,0,3,4,1,1081,1,0,13,3,0,3,2,0,0
1,22,1,1,0,7,1,4,0,3,2,1,2472,1,1,23,1,0,2,3,0,0
0,36,1,0,1,10,4,2,1,2,3,2,5673,1,1,13,1,1,4,3,1,7
0,31,1,1,0,20,3,2,0,3,3,0,4197,1,0,11,1,1,2,3,0,2
0,34,1,0,1,4,3,3,0,3,4,2,9713,2,1,13,4,3,3,3,1,0
0,29,1,1,0,7,3,4,0,3,1,1,2062,3,0,14,2,0,2,3,1,2
0,37,1,1,0,7,4,4,0,3,1,2,4284,5,1,22,3,1,2,3,0,4
0,35,1,1,0,16,2,4,1,2,2,2,4788,0,1,11,4,0,2,3,0,2
0,45,1,1,0,25,2,2,1,2,4,2,5906,0,0,13,4,2,2,2,3,8
0,36,2,0,0,2,1,2,0,2,4,1,3886,1,0,21,4,0,2,2,0,8
0,40,1,1,0,1,4,1,0,3,1,0,16823,2,0,11,1,1,3,3,11,16
0,26,1,1,0,1,2,2,1,2,3,2,2933,1,1,13,3,1,3,2,1,0
0,27,1,0,1,2,2,1,1,4,3,1,6500,0,0,14,2,0,5,2,0,7
0,48,2,1,0,22,3,4,1,3,4,0,17174,3,0,11,2,1,3,3,4,7
0,44,1,1,0,1,4,2,0,4,1,2,5033,2,0,15,4,1,5,3,2,2
1,34,0,1,0,16,4,4,0,1,1,2,2307,1,1,23,2,1,2,3,3,0
1,56,1,1,0,24,2,1,0,3,4,1,2587,1,0,16,4,0,3,3,1,0
0,36,1,0,1,17,2,3,0,2,2,2,5507,2,0,16,3,2,1,1,1,3
0,41,1,0,1,8,3,3,1,3,2,2,4393,5,0,21,3,1,3,3,1,4
0,42,1,1,0,6,3,3,0,3,1,2,13348,9,0,13,2,1,3,4,5,7
0,31,1,0,1,10,2,3,1,3,4,0,6583,2,1,11,4,1,2,3,1,4
0,34,1,0,1,3,1,4,1,2,4,2,8103,3,1,12,3,0,3,2,0,1
0,31,1,1,0,4,3,1,1,4,3,0,3978,8,0,12,2,1,0,2,2,2
0,26,2,1,0,6,3,3,0,4,4,2,2544,0,0,18,1,1,3,3,7,7
0,45,2,1,0,1,4,2,0,3,3,1,5399,4,0,12,3,0,3,3,0,3
0,33,1,0,1,10,4,2,0,3,3,1,5487,1,0,14,2,0,2,2,0,9
0,28,2,0,1,1,2,3,0,2,4,2,6834,1,1,12,3,1,2,3,0,7
1,29,2,0,1,24,3,3,0,4,1,1,1091,1,0,17,4,0,3,3,0,0
0,39,0,0,1,21,4,1,1,1,3,2,5736,6,0,19,3,1,1,3,1,2
0,27,1,1,0,2,4,2,0,3,2,2,2226,1,0,11,3,1,3,2,1,2
0,34,2,1,0,22,4,3,0,2,4,2,5747,1,1,15,2,0,3,3,6,11
1,28,1,0,1,13,2,4,1,3,3,1,9854,3,1,11,4,0,0,3,2,2
0,47,0,1,0,14,4,3,0,3,2,2,5467,8,0,18,3,1,4,4,1,7
0,56,1,0,1,11,5,4,1,2,1,2,5380,4,0,16,3,1,3,3,0,0
0,39,1,1,0,9,2,1,0,3,1,2,5151,1,0,25,4,1,3,3,7,9
0,38,2,1,0,8,3,4,1,2,2,0,2133,1,1,16,3,1,3,3,0,7
0,58,1,0,1,21,3,4,1,3,4,2,17875,4,1,13,3,1,2,2,0,0
1,32,2,1,0,5,2,1,1,4,3,1,2432,3,1,14,1,0,2,3,0,3
0,38,1,1,0,9,2,2,0,3,4,0,4771,2,0,19,4,2,0,4,0,3
0,49,2,1,0,2,1,2,0,3,4,2,19161,3,0,15,4,0,3,3,4,3
0,42,1,0,1,12,4,2,0,3,4,0,5087,3,1,12,3,2,4,3,0,0
1,27,2,0,0,22,3,1,1,2,2,2,2863,1,0,12,1,0,2,3,0,0
0,35,1,0,1,18,4,2,0,3,1,2,5561,0,0,16,4,1,2,1,0,4
0,28,0,1,0,16,3,3,0,3,3,1,2144,1,0,14,3,0,3,2,1,4
0,31,0,1,0,3,2,3,0,3,1,0,3065,1,1,13,4,1,3,4,2,3
0,36,0,1,0,9,4,1,0,4,2,2,2810,1,0,22,2,0,3,3,0,2
0,34,1,0,1,1,3,1,0,3,4,1,9888,1,0,21,1,0,3,2,2,1
0,34,1,0,1,13,4,4,0,3,3,0,8628,1,0,18,3,1,2,2,1,1
0,26,1,1,0,1,3,3,0,3,1,1,2867,0,0,13,4,0,6,2,7,6
0,29,1,1,0,1,3,1,0,3,1,2,5373,0,0,12,1,1,5,2,0,2
0,32,0,1,0,15,4,3,1,3,4,0,6667,5,0,18,2,1,6,3,1,2
0,31,2,1,0,1,3,4,0,1,1,2,5003,1,0,21,2,0,6,3,8,7
1,28,1,1,0,17,3,3,0,2,4,0,2367,5,0,12,1,1,2,2,0,3
0,38,1,0,1,1,3,1,0,2,1,1,2858,4,0,14,1,0,3,2,0,0
0,35,1,0,1,7,4,3,1,3,4,2,5204,1,1,11,4,0,2,3,0,9
0,27,1,0,1,9,3,4,0,3,4,1,4105,1,0,14,1,0,5,3,0,7
0,32,1,1,0,5,4,4,0,2,4,1,9679,8,0,24,2,0,1,3,0,0
1,31,2,0,1,26,4,1,0,3,4,2,5617,1,1,11,3,0,4,3,0,8
1,53,1,0,1,24,4,1,0,3,1,1,10448,6,1,13,2,0,2,2,2,2
0,54,1,1,0,9,2,1,1,3,3,2,2897,3,0,11,3,2,6,2,2,3
0,33,2,1,0,7,2,4,0,3,3,0,5968,1,0,20,3,3,2,3,2,8
0,43,1,1,0,11,3,1,0,3,3,2,7510,1,0,17,2,1,1,3,0,9
0,38,2,0,0,1,4,4,0,3,2,2,2991,0,1,11,2,1,2,3,1,2
0,55,1,0,0,26,4,3,0,4,2,2,19636,4,1,18,1,1,0,3,1,4
0,31,1,1,0,2,1,4,1,1,4,0,1129,1,1,11,3,3,4,3,0,0
0,39,1,0,1,15,4,2,0,3,1,1,13341,0,0,12,1,0,3,3,11,10
0,42,0,1,0,23,2,4,0,2,3,1,4332,1,0,12,4,0,2,3,3,7
0,31,0,1,0,10,3,3,1,3,3,2,11031,4,0,20,3,1,2,4,4,8
0,54,1,1,0,10,3,3,1,3,1,1,4440,6,1,19,4,0,3,3,1,4
0,24,1,1,0,1,2,2,0,2,3,1,4617,1,0,12,2,0,2,2,1,2
0,23,1,1,0,12,2,4,0,3,4,1,2647,1,0,13,3,0,6,4,1,4
0,40,2,1,0,11,3,4,1,3,3,2,6323,1,0,11,1,1,2,4,9,4
0,40,1,0,1,2,2,2,1,3,2,2,5677,3,0,14,3,1,4,3,5,10
0,25,1,0,0,2,3,3,1,3,2,2,2187,4,0,14,3,0,3,3,1,2
0,30,1,1,0,1,2,4,0,3,2,2,3748,1,0,13,3,0,6,2,1,7
0,25,1,1,0,2,1,4,0,3,3,0,3977,6,1,19,3,1,2,2,0,2
0,47,1,1,0,25,3,1,0,3,3,1,8633,2,0,23,2,0,3,3,12,11
0,33,0,1,0,1,2,2,0,2,3,0,2008,1,0,12,3,3,2,2,0,0
0,38,1,0,1,1,4,4,0,3,2,2,4440,0,0,15,1,2,3,3,5,8
0,31,1,0,1,2,2,1,0,3,3,2,3067,0,0,19,3,1,1,3,1,2
0,38,2,1,0,6,4,1,0,2,3,2,5321,2,0,11,4,1,1,3,7,7
0,42,1,1,0,18,4,4,0,3,1,0,5410,6,1,17,3,1,3,2,1,2
0,41,1,1,0,1,3,4,0,3,4,2,2782,3,0,22,1,1,3,3,1,0
0,47,0,1,0,1,1,3,1,3,2,2,11957,0,0,18,1,2,3,1,5,12
0,35,1,1,0,11,4,4,0,3,3,2,2660,7,1,11,3,1,3,3,2,2
0,22,1,1,0,1,2,4,0,3,3,1,3375,0,0,12,4,0,2,4,1,2
0,35,1,1,0,9,4,2,0,3,3,1,5098,1,0,19,2,0,5,3,0,8
0,33,1,1,0,15,2,2,1,3,4,2,4878,0,1,13,1,1,6,3,8,1
0,32,1,1,0,29,4,3,1,2,2,1,2837,1,0,13,3,0,3,3,4,1
0,40,1,1,0,1,4,1,0,3,4,2,2406,8,0,19,3,2,3,2,0,0
0,32,1,0,1,1,4,2,0,2,2,2,2269,0,0,14,2,1,2,3,2,2
0,39,1,1,0,24,1,1,0,3,4,1,4108,7,0,13,1,0,2,3,1,7
0,38,1,1,0,10,3,2,1,1,3,2,13206,3,0,12,1,1,3,3,1,11
0,32,1,0,1,1,4,3,1,3,4,2,10422,1,0,19,3,2,3,3,5,7
0,37,1,1,0,10,3,3,1,4,4,2,13744,1,1,25,1,1,2,3,6,8
0,25,1,0,1,8,2,1,1,3,3,0,4907,0,1,22,2,1,3,2,0,4
0,52,0,0,1,29,4,1,0,3,4,0,3482,2,0,15,2,2,3,2,0,0
0,44,1,1,0,1,3,2,0,3,4,1,2436,6,1,12,3,0,2,3,1,2
0,21,1,0,1,5,1,3,0,3,1,1,2380,1,1,11,4,0,6,3,1,2
0,39,0,1,0,9,3,4,0,3,4,1,19431,2,0,13,3,0,3,2,1,3
1,23,2,0,1,9,3,4,0,3,1,2,1790,1,0,19,1,1,3,2,1,0
0,36,1,0,1,3,3,1,1,2,4,2,7644,0,0,19,3,2,2,3,3,4
0,36,2,1,0,4,2,4,1,3,2,0,5131,7,0,13,2,3,3,3,0,2
0,56,0,1,0,1,4,3,0,3,3,0,6306,1,0,21,1,1,2,2,1,9
1,29,1,1,0,1,4,1,0,3,4,2,4787,9,1,14,2,3,3,4,2,2
0,42,1,1,0,2,3,1,0,3,3,2,18880,5,0,11,1,0,2,2,4,14
1,56,1,1,0,7,2,4,0,3,3,2,2339,8,0,11,4,1,4,1,9,8
0,41,1,1,0,28,4,1,1,2,2,2,13570,0,0,23,3,1,3,3,0,10
0,34,1,0,1,28,3,4,1,2,3,2,6712,1,0,21,4,2,2,3,1,7
0,36,0,0,1,15,4,4,0,1,4,0,5406,1,0,24,1,1,4,2,11,11
0,41,1,0,1,3,3,3,0,2,2,0,8938,2,0,11,3,1,5,3,0,4
0,32,1,1,0,2,3,4,0,3,1,1,2439,1,0,14,4,0,4,3,1,2
0,35,1,0,0,26,4,3,1,3,4,1,8837,1,1,16,3,0,2,3,1,7
0,38,1,0,1,10,2,1,1,3,4,2,5343,1,0,11,3,1,1,3,1,9
1,50,2,0,1,1,4,2,0,3,3,0,6728,7,0,12,4,2,3,3,0,1
0,36,1,0,1,11,4,2,1,2,4,2,6652,4,0,13,1,1,2,2,0,0
0,45,1,0,1,20,3,4,1,3,3,1,4850,8,0,15,3,0,3,3,0,1
0,40,1,1,0,2,4,3,0,2,3,1,2809,2,0,14,4,0,2,3,2,2
0,35,2,1,0,18,4,3,0,3,3,2,5689,1,1,14,4,2,2,4,0,2
0,40,1,1,0,2,4,3,1,3,3,2,2001,2,0,14,2,3,2,3,0,2
0,35,1,1,0,1,4,3,1,1,4,2,2977,1,0,12,4,1,5,3,1,1
0,29,1,1,0,13,2,4,0,2,2,2,4025,4,1,13,1,1,2,3,0,3
0,29,1,1,0,28,4,4,1,2,1,1,3785,1,0,14,2,0,3,1,0,4
1,50,1,0,1,28,3,4,0,2,1,0,10854,4,1,13,2,1,3,3,2,0
0,39,1,0,1,24,1,2,1,2,4,2,12031,0,0,11,1,1,2,2,9,6
0,31,0,1,0,5,3,2,0,3,1,1,9936,0,0,19,2,0,2,3,1,7
0,26,1,0,1,5,3,4,1,2,3,1,2966,0,0,18,4,0,2,3,0,0
0,36,2,1,0,23,2,3,0,4,4,2,2571,4,0,17,3,1,3,3,0,3
0,39,1,1,0,6,1,4,0,2,1,2,9991,4,0,15,1,1,5,3,1,7
0,27,1,1,0,4,3,2,0,4,2,2,6142,1,1,20,2,1,0,3,0,3
0,49,2,0,1,2,3,4,0,2,2,2,5390,2,0,14,4,0,3,2,0,8
0,34,1,1,0,8,3,2,0,4,3,2,4404,2,0,12,1,0,3,4,1,2
